Workbook

Sheet hidden
A1: b420c00c-cd5c-42ab-a8fc-1d8589e80ae7
A2: V2

Sheet Fornecedores
A1: Fornecedor | B1: Código
A2: Importação | B2: 1
A3: SPARE | B3: 2
A4: LT CORREA | B4: 3
A5: MultiKit | B5: 4
A6: HOLYMAN | B6: 5
A7: MundiFlex | B7: 6
A8: POLO | B8: 7
A9: BRK | B9: 8
A10: AMW | B10: 9
A11: MOBENSANI | B11: 10
A12: Replabor | B12: 11
A13: IRB | B13: 12
... A27: ALENCAR | B27: 26

Sheet 2024
I1: =SUBTOTAL(9,I3:I3281) -> 12380 | J1: =SUBTOTAL(9,J3:J1310) -> 1611 | K1: =SUBTOTAL(9,K3:K1310) -> 3994 | L1: =SUBTOTAL(9,L3:L1310) -> 5904 | M1: =SUBTOTAL(9,M3:M1310) -> 738 | N1: =SUBTOTAL(9,N3:N3281) -> 9146 | O1: 1303 | P1: =SUBTOTAL(9,P3:P1310) -> 3262 | Q1: =SUBTOTAL(9,Q3:Q3228) -> 4575 | R1: =SUBTOTAL(9,R3:R3281) -> 6913 | S1: =SUBTOTAL(9,S3:S3281) -> 1363 | T1: =SUBTOTAL(9,T3:T3281) -> 3635 | U1: =SUBTOTAL(9,U3:U3281) -> 1857 | V1: =SUBTOTAL(9,V3:V3281) -> 12550 | W1: =SUBTOTAL(9,W3:W3281) -> 1664 | X1: =SUBTOTAL(9,X3:X3281) -> 4410 | Y1: =SUBTOTAL(9,Y3:Y3281) -> 6444 | ... AB1: =SUBTOTAL(9,AB3:AB3281) -> 4441 | AC1: 5348 | AD1: =SUBTOTAL(9,AD3:AD3281) -> 14307 | AE1: =SUBTOTAL(9,AE3:AE3281) -> 1425 | AF1: =SUBTOTAL(9,AF3:AF3281) -> 4740 | AG1: =SUBTOTAL(9,AG3:AG3281) -> 8137 | AH1: =SUBTOTAL(9,AH3:AH3281) -> 14423 | AI1: =SUBTOTAL(9,AI3:AI3281) -> 1332 | AJ1: =SUBTOTAL(9,AJ3:AJ3281) -> 4923 | AK1: =SUBTOTAL(9,AK3:AK3281) -> 8168 | ... BA1: =SUBTOTAL(9,BA3:BA3281) -> 8901 | BB1: =IFERROR(AY1/BA1-1,"") -> 0.22732527 | BC1: =SUBTOTAL(9,BC3:BC3281) -> 0 | BD1: =SUBTOTAL(9,BD3:BD3281) -> 0 | BE1: =SUBTOTAL(9,BE3:BE3281) -> 0 | BF1: =SUBTOTAL(9,BF3:BF3281) -> 0 | BH1: =SUBTOTAL(9,BH3:BH3281) -> 10940.683
A2: SKU | B2: Anúnciado? | C2: Seguimento | D2: Categoria | E2: Fornecedor | F2: CÓDIGO FORNECEDOR | G2: Descrição / Aplicação | H2: Mini Gráfico | I2: Janeiro | J2: Vendas Unitárias | K2: Vendas KIT | L2: Vendas Direta / Distribuidor | M2: VENDAS Adilson / Yasmin | N2: Fevereiro | O2: Vendas Unitárias ML | P2: Vendas KIT ML | Q2: Vendas Direta / Distribuidor | R2: Março | S2: Vendas Unitárias ML | T2: Vendas KIT ML | U2: Vendas Direta / Distribuidor | V2: Abril | W2: Vendas Unitárias ML | X2: Vendas KIT ML | Y2: Vendas Direta / Distribuidor | Z2: Maio | AA2: Vendas Unitárias ML | AB2: Vendas KIT ML | AC2: Vendas Direta / Distribuidor | AD2: Junho | AE2: Vendas Unitárias ML | AF2: Vendas KIT ML | AG2: Vendas Direta / Distribuidor | AH2: Julho | AI2: Vendas Unitárias ML | AJ2: Vendas KIT ML | AK2: Vendas Direta / Distribuidor | AL2: Agosto | AM2: Vendas Unitárias ML | AN2: Vendas KIT ML | AO2: Vendas Direta / Distribuidor | AP2: Setembro | AQ2: Vendas Unitárias | AR2: Vendas KIT | AS2: Outubro | AT2: Vendas Unitárias | AU2: Vendas KIT | AV2: Venda Direta | AW2: Novembro | AX2: Dezembro | AY2: MÉDIA 2024 | AZ2: Estoque | BA2: MÉDIA 2023 | BB2: Oscilação | BC2: ESTOQUE | BD2: ESTOQUE Bandeja SEM BUCHA | BE2: ESTOQUE SUCATAS Bandeja | BF2: Total Estoque Bandeja | BG2: MESES DE ESTOQUE | BH2: SUGESTÃO PEDIDO
A3: VW001 | B3: Sim | C3: AUTOMOTIVO | D3: Rolamento Eixo | E3: Importação / Polo | F3: =IFERROR(VLOOKUP(E3,Fornecedores!$A$2:$B$2700,2,FALSE),"") | G3: Kit De Rolamento Roda Traseira Versailles 1992 A 1996 | I3: =SUM(J3:M3) -> 2803 | J3: 27 | K3: 1366 | L3: 1400 | M3: 10 | N3: =SUM(O3:Q3) -> 2368 | O3: 32 | P3: 1096 | Q3: 1240 | R3: =SUM(S3:U3) -> 1583 | S3: 18 | T3: 1495 | U3: 70 | V3: 2804 | W3: 3 | X3: 1671 | Y3: 1130 | Z3: 2797 | AA3: 1 | AB3: 1696 | AC3: 1100 | AD3: =SUM(AE3:AG3) -> 3112 | AE3: 10 | AF3: 1802 | AG3: 1300 | AH3: =SUM(AI3:AK3) -> 5563 | AI3: 1 | AJ3: 2112 | AK3: 3450 | AL3: =SUM(AM3:AO3) -> 2499 | AM3: 1 | AN3: 2196 | AO3: 302 | AP3: =SUM(AQ3:AR3) -> 2028 | AQ3: =IFERROR(VLOOKUP(A3,[1]SIIMPLES!$A$2:$F$418,6,FALSE),0) -> 0 | AR3: 2028 | AS3: 1558 | AT3: 0 | AU3: 1537 | AV3: 21 | AY3: =IFERROR(AVERAGE(I3,N3,R3,V3,Z3,AD3,AH3,AL3,AP3,AS3,AW3,AX3),"-") -> 2711.5 | BA3: 2495.3333
A4: 332052 | B4: Sim | C4: AUTOMOTIVO | D4: Bandeja | E4: SPARE | F4: =IFERROR(VLOOKUP(E4,Fornecedores!$A$2:$B$2700,2,FALSE),"") -> 2 | G4: Morceguinho Dianteiro Classic Lado Direito 2004 A 2015 | I4: =SUM(J4:M4) -> 1015 | J4: 5 | K4: 218 | L4: 620 | M4: 172 | N4: =SUM(O4:Q4) -> 1081 | O4: 12 | P4: 259 | Q4: 810 | R4: =SUM(S4:U4) -> 723 | S4: 6 | T4: 241 | U4: 476 | V4: 2261 | W4: 3 | X4: 255 | Y4: 2003 | Z4: 1943 | AA4: 4 | AB4: 283 | AC4: 1656 | AD4: =SUM(AE4:AG4) -> 2978 | AE4: 2 | AF4: 255 | AG4: 2721 | AH4: =SUM(AI4:AK4) -> 1008 | AI4: 1 | AJ4: 297 | AK4: 710 | AL4: =SUM(AM4:AO4) -> 1091 | AM4: 1 | AN4: 260 | AO4: 830 | AP4: =SUM(AQ4:AR4) -> 840 | AQ4: =IFERROR(VLOOKUP(A4,[1]SIIMPLES!$A$2:$F$418,6,FALSE),0) -> 628 | AR4: 212 | AS4: 622 | AT4: 2 | AU4: 170 | AV4: 450 | AY4: =IFERROR(AVERAGE(I4,N4,R4,V4,Z4,AD4,AH4,AL4,AP4,AS4,AW4,AX4),"-") -> 1356.2 | BA4: 334.66667 | BB4: =IFERROR(AY4/BA4-1,"") -> 3.0523904 | BG4: =IFERROR(BC4/AY4,"0") -> 0 | BH4: =IFERROR(IF(F4=1,IF(BC4<AY4*3,AY4*3-BC4,0),IF(BC4<AY4,AY4-BC4,0)),"") -> 1356.2
A5: 332053 | B5: Sim | C5: AUTOMOTIVO | D5: Bandeja | E5: SPARE | F5: =IFERROR(VLOOKUP(E5,Fornecedores!$A$2:$B$2700,2,FALSE),"") -> 2 | G5: Morceguinho Dianteiro Classic Lado Esquerdo 2004 A 2015 | I5: =SUM(J5:M5) -> 1013 | J5: 4 | K5: 218 | L5: 620 | M5: 171 | N5: =SUM(O5:Q5) -> 972 | O5: 3 | P5: 259 | Q5: 710 | R5: =SUM(S5:U5) -> 710 | S5: 3 | T5: 241 | U5: 466 | V5: 2261 | W5: 3 | X5: 255 | Y5: 2003 | Z5: 1941 | AA5: 2 | AB5: 283 | AC5: 1656 | AD5: =SUM(AE5:AG5) -> 2987 | AE5: 1 | AF5: 255 | AG5: 2731 | AH5: =SUM(AI5:AK5) -> 1014 | AI5: 6 | AJ5: 297 | AK5: 711 | AL5: =SUM(AM5:AO5) -> 1091 | AM5: 1 | AN5: 260 | AO5: 830 | AP5: =SUM(AQ5:AR5) -> 749 | AQ5: =IFERROR(VLOOKUP(A5,[1]SIIMPLES!$A$2:$F$418,6,FALSE),0) -> 537 | AR5: 212 | AS5: 419 | AT5: 2 | AU5: 170 | AV5: 247 | AY5: =IFERROR(AVERAGE(I5,N5,R5,V5,Z5,AD5,AH5,AL5,AP5,AS5,AW5,AX5),"-") -> 1315.7 | BA5: 330.5 | BB5: =IFERROR(AY5/BA5-1,"") -> 2.980938 | BG5: =IFERROR(BC5/AY5,"0") -> 0 | BH5: =IFERROR(IF(F5=1,IF(BC5<AY5*3,AY5*3-BC5,0),IF(BC5<AY5,AY5-BC5,0)),"") -> 1315.7
A6: PF005 | B6: Sim | C6: AUTOMOTIVO | D6: Rolamento Eixo | E6: Importação | F6: =IFERROR(VLOOKUP(E6,Fornecedores!$A$2:$B$2700,2,FALSE),"") -> 1 | G6: Reparo Traseiro Rolamento Blindado Palio Weekend Marea Brava | I6: =SUM(J6:M6) -> 322 | J6: 2 | K6: 20 | L6: 300 | M6: 0 | N6: =SUM(O6:Q6) -> 94 | O6: 2 | P6: 32 | Q6: 60 | R6: =SUM(S6:U6) -> 101 | S6: 3 | T6: 48 | U6: 50 | V6: 549 | W6: 11 | X6: 68 | Y6: 470 | Z6: 355 | AA6: 3 | AB6: 52 | AC6: 300 | AD6: =SUM(AE6:AG6) -> 196 | AE6: 4 | AF6: 92 | AG6: 100 | AH6: =SUM(AI6:AK6) -> 127 | AI6: 9 | AJ6: 78 | AK6: 40 | AL6: =SUM(AM6:AO6) -> 32 | AN6: 32 | AO6: 0 | AP6: =SUM(AQ6:AR6) -> 628 | AQ6: =IFERROR(VLOOKUP(A6,[1]SIIMPLES!$A$2:$F$418,6,FALSE),0) -> 602 | AR6: 26 | AS6: 182 | AT6: 112 | AU6: 66 | AV6: 4 | AY6: =IFERROR(AVERAGE(I6,N6,R6,V6,Z6,AD6,AH6,AL6,AP6,AS6,AW6,AX6),"-") -> 258.6 | BA6: 107.66667 | BB6: =IFERROR(AY6/BA6-1,"") -> 1.4018576 | BG6: =IFERROR(BC6/AY6,"0") -> 0 | BH6: =IFERROR(IF(F6=1,IF(BC6<AY6*3,AY6*3-BC6,0),IF(BC6<AY6,AY6-BC6,0)),"") -> 775.8
A7: 77350 | B7: Sim | C7: AUTOMOTIVO | D7: Cabo Câmbio | E7: Importação | F7: =IFERROR(VLOOKUP(E7,Fornecedores!$A$2:$B$2700,2,FALSE),"") -> 1 | G7: Cabo De Trambulador Corsa Classic 2005/2014 | I7: =SUM(J7:M7) -> 459 | J7: 137 | K7: 42 | L7: 280 | M7: 0 | N7: =SUM(O7:Q7) -> 664 | O7: 114 | P7: 40 | Q7: 510 | R7: =SUM(S7:U7) -> 301 | S7: 112 | T7: 39 | U7: 150 | V7: 104 | W7: 32 | X7: 27 | Y7: 45 | Z7: 20 | AA7: 19 | AB7: 1 | AC7: 0 | AD7: =SUM(AE7:AG7) -> 19 | AE7: 18 | AF7: 1 | AG7: 0 | AH7: =SUM(AI7:AK7) -> 406 | AI7: 6 | AJ7: 0 | AK7: 400 | AL7: =SUM(AM7:AO7) -> 398 | AM7: 87 | AN7: 30 | AO7: 281 | AP7: =SUM(AQ7:AR7) -> 322 | AQ7: =IFERROR(VLOOKUP(A7,[1]SIIMPLES!$A$2:$F$418,6,FALSE),0) -> 285 | AR7: 37 | AS7: 76 | AT7: 0 | AU7: 46 | AV7: 30 | AY7: =IFERROR(AVERAGE(I7,N7,R7,V7,Z7,AD7,AH7,AL7,AP7,AS7,AW7,AX7),"-") -> 276.9 | BA7: 466.33333 | BB7: =IFERROR(AY7/BA7-1,"") -> -0.40621873 | BG7: =IFERROR(BC7/AY7,"0") -> 0 | BH7: =IFERROR(IF(F7=1,IF(BC7<AY7*3,AY7*3-BC7,0),IF(BC7<AY7,AY7-BC7,0)),"") -> 830.7
A8: 332042 | B8: Sim | C8: AUTOMOTIVO | D8: Bandeja | E8: SPARE | F8: =IFERROR(VLOOKUP(E8,Fornecedores!$A$2:$B$2700,2,FALSE),"") -> 2 | G8: Morceguinho Lado Direito Corsa 1994 A 1998 | I8: =SUM(J8:M8) -> 22 | J8: 0 | K8: 11 | L8: 0 | M8: 11 | N8: =SUM(O8:Q8) -> 57 | O8: 0 | P8: 7 | Q8: 50 | R8: =SUM(S8:U8) -> 10 | S8: 0 | T8: 10 | U8: 0 | V8: 5 | W8: 0 | X8: 5 | Y8: 0 | Z8: 2 | AA8: 0 | AB8: 2 | AC8: 0 | AD8: =SUM(AE8:AG8) -> 4 | AE8: 0 | AF8: 1 | AG8: 3 | AH8: =SUM(AI8:AK8) -> 34 | AI8: 0 | AJ8: 2 | AK8: 32 | AL8: =SUM(AM8:AO8) -> 0 | AN8: 0 | AO8: 0 | AP8: =SUM(AQ8:AR8) -> 169 | AQ8: =IFERROR(VLOOKUP(A8,[1]SIIMPLES!$A$2:$F$418,6,FALSE),0) -> 169 | AR8: 0 | AS8: 1 | AT8: 0 | AU8: 1 | AV8: 0 | AY8: =IFERROR(AVERAGE(I8,N8,R8,V8,Z8,AD8,AH8,AL8,AP8,AS8,AW8,AX8),"-") -> 30.4 | BA8: 10 | BB8: =IFERROR(AY8/BA8-1,"") -> 2.04 | BG8: =IFERROR(BC8/AY8,"0") -> 0 | BH8: =IFERROR(IF(F8=1,IF(BC8<AY8*3,AY8*3-BC8,0),IF(BC8<AY8,AY8-BC8,0)),"") -> 30.4
A9: 20W50-M | C9: AUTOMOTIVO | D9: Óleo Motor | E9: =VLOOKUP(A9,[2]CMV!$A$1:$E$2043,5,FALSE) -> 0 | F9: =IFERROR(VLOOKUP(E9,Fornecedores!$A$2:$B$2700,2,FALSE),"") | G9: =VLOOKUP(A9,[2]CMV!$A$1:$F$2043,6,FALSE) -> 0 | I9: =SUM(J9:M9) -> 0 | J9: 0 | K9: 0 | L9: 0 | M9: 0 | N9: =SUM(O9:Q9) -> 0 | O9: 0 | P9: 0 | Q9: 0 | R9: =SUM(S9:U9) -> 0 | S9: 0 | T9: 0 | U9: 0 | V9: 78 | W9: 0 | X9: 0 | Y9: 78 | Z9: 35 | AA9: 0 | AB9: 0 | AC9: 35 | AD9: =SUM(AE9:AG9) -> 96 | AE9: 0 | AF9: 0 | AG9: 96 | AH9: =SUM(AI9:AK9) -> 56 | AI9: 0 | AJ9: 0 | AK9: 56 | AL9: =SUM(AM9:AO9) -> 73 | AN9: 0 | AO9: 73 | AP9: =SUM(AQ9:AR9) -> 168 | AQ9: =IFERROR(VLOOKUP(A9,[1]SIIMPLES!$A$2:$F$418,6,FALSE),0) -> 168 | AR9: 0 | AS9: 0 | AT9: 0 | AU9: 0 | AV9: 0 | AY9: =IFERROR(AVERAGE(I9,N9,R9,V9,Z9,AD9,AH9,AL9,AP9,AS9,AW9,AX9),"-") -> 50.6 | BA9: 0 | BB9: =IFERROR(AY9/BA9-1,"") | BF9: =SUM(BC9:BE9) -> 0 | BG9: =IFERROR(BC9/AY9,"0") -> 0 | BH9: =IFERROR(IF(F9=1,IF(BC9<AY9*3,AY9*3-BC9,0),IF(BC9<AY9,AY9-BC9,0)),"") -> 50.6
A10: 332043 | B10: Sim | C10: AUTOMOTIVO | D10: Bandeja | E10: SPARE | F10: =IFERROR(VLOOKUP(E10,Fornecedores!$A$2:$B$2700,2,FALSE),"") -> 2 | G10: Morceguinho Lado Esquerdo Corsa 1994 A 1998 | I10: =SUM(J10:M10) -> 22 | J10: 0 | K10: 11 | L10: 0 | M10: 11 | N10: =SUM(O10:Q10) -> 57 | O10: 0 | P10: 7 | Q10: 50 | R10: =SUM(S10:U10) -> 10 | S10: 0 | T10: 10 | U10: 0 | V10: 5 | W10: 0 | X10: 5 | Y10: 0 | Z10: 2 | AA10: 0 | AB10: 2 | AC10: 0 | AD10: =SUM(AE10:AG10) -> 4 | AE10: 0 | AF10: 1 | AG10: 3 | AH10: =SUM(AI10:AK10) -> 8 | AI10: 0 | AJ10: 2 | AK10: 6 | AL10: =SUM(AM10:AO10) -> 0 | AN10: 0 | AO10: 0 | AP10: =SUM(AQ10:AR10) -> 149 | AQ10: =IFERROR(VLOOKUP(A10,[1]SIIMPLES!$A$2:$F$418,6,FALSE),0) -> 149 | AR10: 0 | AS10: 26 | AT10: 25 | AU10: 1 | AV10: 0 | AY10: =IFERROR(AVERAGE(I10,N10,R10,V10,Z10,AD10,AH10,AL10,AP10,AS10,AW10,AX10),"-") -> 28.3 | BA10: 10 | BB10: =IFERROR(AY10/BA10-1,"") -> 1.83 | BF10: =SUM(BC10:BE10) -> 0 | BG10: =IFERROR(BC10/AY10,"0") -> 0 | BH10: =IFERROR(IF(F10=1,IF(BC10<AY10*3,AY10*3-BC10,0),IF(BC10<AY10,AY10-BC10,0)),"") -> 28.3
A11: PG001 | B11: Sim | C11: AUTOMOTIVO | D11: Rolamento Eixo | E11: Importação | F11: =IFERROR(VLOOKUP(E11,Fornecedores!$A$2:$B$2700,2,FALSE),"") -> 1 | G11: Reparo Rolamento Eixo Traseiro Pegeout 207 47mm 2008 A 2010 | I11: =SUM(J11:M11) -> 209 | J11: 29 | K11: 166 | L11: 0 | M11: 14 | N11: =SUM(O11:Q11) -> 187 | O11: 11 | P11: 166 | Q11: 10 | R11: =SUM(S11:U11) -> 293 | S11: 23 | T11: 242 | U11: 28 | V11: 312 | W11: 50 | X11: 232 | Y11: 30 | Z11: 347 | AA11: 25 | AB11: 292 | AC11: 30 | AD11: =SUM(AE11:AG11) -> 286 | AE11: 24 | AF11: 248 | AG11: 14 | AH11: =SUM(AI11:AK11) -> 291 | AI11: 44 | AJ11: 230 | AK11: 17 | AL11: =SUM(AM11:AO11) -> 256 | AM11: 30 | AN11: 188 | AO11: 38 | AP11: =SUM(AQ11:AR11) -> 148 | AQ11: =IFERROR(VLOOKUP(A11,[1]SIIMPLES!$A$2:$F$418,6,FALSE),0) -> 22 | AR11: 126 | AS11: 186 | AT11: 6 | AU11: 160 | AV11: 20 | AY11: =IFERROR(AVERAGE(I11,N11,R11,V11,Z11,AD11,AH11,AL11,AP11,AS11,AW11,AX11),"-") -> 251.5 | BA11: 236 | BB11: =IFERROR(AY11/BA11-1,"") -> 0.065677966 | BG11: =IFERROR(BC11/AY11,"0") -> 0 | BH11: =IFERROR(IF(F11=1,IF(BC11<AY11*3,AY11*3-BC11,0),IF(BC11<AY11,AY11-BC11,0)),"") -> 754.5
A12: 112005 | B12: Sim | C12: AUTOMOTIVO | D12: Bandeja | E12: SPARE | F12: =IFERROR(VLOOKUP(E12,Fornecedores!$A$2:$B$2700,2,FALSE),"") -> 2 | G12: Bracinho Oscilante Com Pivô Uno 2002 A 2011 | I12: =SUM(J12:M12) -> 116 | J12: 16 | K12: 48 | L12: 0 | M12: 52 | N12: =SUM(O12:Q12) -> 532 | O12: 6 | P12: 44 | Q12: 482 | R12: =SUM(S12:U12) -> 43 | S12: 1 | T12: 32 | U12: 10 | V12: 91 | W12: 5 | X12: 16 | Y12: 70 | Z12: 97 | AA12: 1 | AB12: 26 | AC12: 70 | AD12: =SUM(AE12:AG12) -> 156 | AE12: 11 | AF12: 45 | AG12: 100 | AH12: =SUM(AI12:AK12) -> 507 | AI12: 1 | AJ12: 48 | AK12: 458 | AL12: =SUM(AM12:AO12) -> 89 | AM12: 7 | AN12: 32 | AO12: 50 | AP12: =SUM(AQ12:AR12) -> 118 | AQ12: =IFERROR(VLOOKUP(A12,[1]SIIMPLES!$A$2:$F$418,6,FALSE),0) -> 82 | AR12: 36 | AS12: 257 | AT12: 30 | AU12: 18 | AV12: 209 | AY12: =IFERROR(AVERAGE(I12,N12,R12,V12,Z12,AD12,AH12,AL12,AP12,AS12,AW12,AX12),"-") -> 200.6 | BA12: 86 | BB12: =IFERROR(AY12/BA12-1,"") -> 1.3325581 | BF12: =SUM(BC12:BE12) -> 0 | BG12: =IFERROR(BC12/AY12,"0") -> 0 | BH12: =ROUND(IFERROR(IF(F12=1,IF(BC12<AY12*3,AY12*3-BC12,0),IF(BC12<AY12,AY12*0.6-BC12,0)),""),0) -> 120
A13: 14104 | B13: Sim | C13: AUTOMOTIVO | D13: Pino de Freio | E13: MultiKit | F13: =IFERROR(VLOOKUP(E13,Fornecedores!$A$2:$B$2700,2,FALSE),"") -> 4 | G13: Kit Pino Guia Bucha Pinça Freio Vw Crossfox Fox Gol Saveiro | I13: =SUM(J13:M13) -> 121 | J13: 13 | K13: 108 | L13: 0 | M13: 0 | N13: =SUM(O13:Q13) -> 90 | O13: 20 | P13: 70 | Q13: 0 | R13: =SUM(S13:U13) -> 61 | S13: 19 | T13: 36 | U13: 6 | V13: 129 | W13: 45 | X13: 84 | Y13: 0 | Z13: 87 | AA13: 15 | AB13: 72 | AC13: 0 | AD13: =SUM(AE13:AG13) -> 79 | AE13: 27 | AF13: 52 | AG13: 0 | AH13: =SUM(AI13:AK13) -> 45 | AI13: 9 | AJ13: 26 | AK13: 10 | AL13: =SUM(AM13:AO13) -> 102 | AM13: 30 | AN13: 72 | AO13: 0 | AP13: =SUM(AQ13:AR13) -> 95 | AQ13: =IFERROR(VLOOKUP(A13,[1]SIIMPLES!$A$2:$F$418,6,FALSE),0) -> 41 | AR13: 54 | AS13: 136 | AT13: 66 | AU13: 70 | AV13: 0 | AY13: =IFERROR(AVERAGE(I13,N13,R13,V13,Z13,AD13,AH13,AL13,AP13,AS13,AW13,AX13),"-") -> 94.5 | BA13: 132.66667 | BB13: =IFERROR(AY13/BA13-1,"") -> -0.28768844 | BG13: =IFERROR(BC13/AY13,"0") -> 0 | BH13: =IFERROR(IF(F13=1,IF(BC13<AY13*3,AY13*3-BC13,0),IF(BC13<AY13,AY13-BC13,0)),"") -> 94.5
A14: 77354 | C14: AUTOMOTIVO | D14: Cabo Câmbio | E14: Importação | F14: =IFERROR(VLOOKUP(E14,Fornecedores!$A$2:$B$2700,2,FALSE),"") -> 1 | G14: Cabo De Engate E Seleção Montana 2011 2012 2013 2014 Novo | I14: =SUM(J14:M14) -> 92 | J14: 40 | K14: 2 | L14: 50 | M14: 0 | N14: =SUM(O14:Q14) -> 67 | O14: 41 | P14: 1 | Q14: 25 | R14: =SUM(S14:U14) -> 100 | S14: 75 | T14: 4 | U14: 21 | V14: 119 | W14: 87 | X14: 2 | Y14: 30 | Z14: 35 | AA14: 35 | AB14: 0 | AC14: 0 | AD14: =SUM(AE14:AG14) -> 37 | AE14: 37 | AF14: 0 | AG14: 0 | AH14: =SUM(AI14:AK14) -> 11 | AI14: 11 | AJ14: 0 | AK14: 0 | AL14: =SUM(AM14:AO14) -> 59 | AM14: 42 | AN14: 3 | AO14: 14 | AP14: =SUM(AQ14:AR14) -> 83 | AQ14: =IFERROR(VLOOKUP(A14,[1]SIIMPLES!$A$2:$F$418,6,FALSE),0) -> 73 | AR14: 10 | AS14: 75 | AT14: 61 | AU14: 14 | AV14: 0 | AY14: =IFERROR(AVERAGE(I14,N14,R14,V14,Z14,AD14,AH14,AL14,AP14,AS14,AW14,AX14),"-") -> 67.8 | BA14: 5 | BB14: =IFERROR(AY14/BA14-1,"") -> 12.56 | BG14: =IFERROR(BC14/AY14,"0") -> 0 | BH14: =IFERROR(IF(F14=1,IF(BC14<AY14*3,AY14*3-BC14,0),IF(BC14<AY14,AY14-BC14,0)),"") -> 203.4
A15: 10107 | B15: Sim | C15: AUTOMOTIVO | D15: Bomba Combustível | E15: POLO | F15: =IFERROR(VLOOKUP(E15,Fornecedores!$A$2:$B$2700,2,FALSE),"") -> 7 | G15: Kit Bomba Combustível Gasolina Sistema Bosch Verona 94 A 96 | I15: =SUM(J15:M15) -> 65 | J15: 65 | K15: 0 | L15: 0 | M15: 0 | N15: =SUM(O15:Q15) -> 77 | O15: 77 | P15: 0 | Q15: 0 | R15: =SUM(S15:U15) -> 67 | S15: 67 | T15: 0 | U15: 0 | V15: 89 | W15: 89 | X15: 0 | Y15: 0 | Z15: 72 | AA15: 72 | AB15: 0 | AC15: 0 | AD15: =SUM(AE15:AG15) -> 49 | AE15: 49 | AF15: 0 | AG15: 0 | AH15: =SUM(AI15:AK15) -> 53 | AI15: 53 | AJ15: 0 | AK15: 0 | AL15: =SUM(AM15:AO15) -> 40 | AM15: 40 | AN15: 0 | AO15: 0 | AP15: =SUM(AQ15:AR15) -> 77 | AQ15: =IFERROR(VLOOKUP(A15,[1]SIIMPLES!$A$2:$F$418,6,FALSE),0) -> 77 | AR15: 0 | AS15: 0 | AT15: 0 | AU15: 0 | AV15: 0 | AY15: =IFERROR(AVERAGE(I15,N15,R15,V15,Z15,AD15,AH15,AL15,AP15,AS15,AW15,AX15),"-") -> 58.9 | BA15: 94.333333 | BB15: =IFERROR(AY15/BA15-1,"") -> -0.37561837 | BG15: =IFERROR(BC15/AY15,"0") -> 0 | BH15: =IFERROR(IF(F15=1,IF(BC15<AY15*3,AY15*3-BC15,0),IF(BC15<AY15,AY15-BC15,0)),"") -> 58.9
A16: 300621 | C16: =VLOOKUP(A16,[2]CMV!$A$1:$B$2115,2,FALSE) -> MOTO PEÇAS | D16: =VLOOKUP(A16,[2]CMV!$A$1:$C$2115,3,FALSE) -> ÓLEO MOTOR | E16: =VLOOKUP(A16,[2]CMV!$A$1:$E$2115,5,FALSE) -> SAKAMOTO | G16: =VLOOKUP(A16,[2]CMV!$A$1:$F$2115,6,FALSE) -> OLEO DE MOBIL 10W30 | AD16: =SUM(AE16:AG16) -> 24 | AG16: 24 | AH16: =SUM(AI16:AK16) -> 39 | AI16: 0 | AJ16: 0 | AK16: 39 | AL16: =SUM(AM16:AO16) -> 50 | AN16: 0 | AO16: 50 | AP16: =SUM(AQ16:AR16) -> 75 | AQ16: =IFERROR(VLOOKUP(A16,[1]SIIMPLES!$A$2:$F$418,6,FALSE),0) -> 75 | AR16: 0 | AS16: 61 | AT16: 0 | AU16: 0 | AV16: 61 | AY16: =IFERROR(AVERAGE(I16,N16,R16,V16,Z16,AD16,AH16,AL16,AP16,AS16,AW16,AX16),"-") -> 49.8 | BB16: =1-BA16/AY16 -> 1 | BG16: =IFERROR(BC16/AY16,"0") -> 0 | BH16: =IFERROR(IF(F16=1,IF(BC16<AY16*3,AY16*3-BC16,0),IF(BC16<AY16,AY16-BC16,0)),"") -> 49.8
A17: 300620 | C17: =VLOOKUP(A17,[2]CMV!$A$1:$B$2115,2,FALSE) -> MOTO PEÇAS | D17: =VLOOKUP(A17,[2]CMV!$A$1:$C$2115,3,FALSE) -> ÓLEO MOTOR | E17: =VLOOKUP(A17,[2]CMV!$A$1:$E$2115,5,FALSE) -> SAKAMOTO | G17: =VLOOKUP(A17,[2]CMV!$A$1:$F$2115,6,FALSE) -> OLEO DE MOBIL | AD17: =SUM(AE17:AG17) -> 37 | AG17: 37 | AH17: =SUM(AI17:AK17) -> 67 | AI17: 0 | AJ17: 0 | AK17: 67 | AL17: =SUM(AM17:AO17) -> 37 | AN17: 0 | AO17: 37 | AP17: =SUM(AQ17:AR17) -> 74 | AQ17: =IFERROR(VLOOKUP(A17,[1]SIIMPLES!$A$2:$F$418,6,FALSE),0) -> 74 | AR17: 0 | AS17: 51 | AT17: 0 | AU17: 0 | AV17: 51 | AY17: =IFERROR(AVERAGE(I17,N17,R17,V17,Z17,AD17,AH17,AL17,AP17,AS17,AW17,AX17),"-") -> 53.2 | BB17: =1-BA17/AY17 -> 1 | BG17: =IFERROR(BC17/AY17,"0") -> 0 | BH17: =IFERROR(IF(F17=1,IF(BC17<AY17*3,AY17*3-BC17,0),IF(BC17<AY17,AY17-BC17,0)),"") -> 53.2
A18: 2278 | B18: Sim | C18: AUTOMOTIVO | D18: Bucha Eixo Suspensão | E18: LT CORREA | F18: =IFERROR(VLOOKUP(E18,Fornecedores!$A$2:$B$2700,2,FALSE),"") -> 3 | G18: Bucha Eixo Tras Elimina Folga 47mm Peugeot 206 1999 A 2010 | I18: =SUM(J18:M18) -> 53 | J18: 3 | K18: 50 | L18: 0 | M18: 0 | N18: =SUM(O18:Q18) -> 28 | O18: 0 | P18: 28 | Q18: 0 | R18: =SUM(S18:U18) -> 56 | S18: 0 | T18: 56 | U18: 0 | V18: 90 | W18: 0 | X18: 90 | Y18: 0 | Z18: 136 | AA18: 0 | AB18: 136 | AC18: 0 | AD18: =SUM(AE18:AG18) -> 105 | AE18: 1 | AF18: 104 | AG18: 0 | AH18: =SUM(AI18:AK18) -> 104 | AI18: 0 | AJ18: 104 | AK18: 0 | AL18: =SUM(AM18:AO18) -> 94 | AN18: 94 | AO18: 0 | AP18: =SUM(AQ18:AR18) -> 70 | AQ18: =IFERROR(VLOOKUP(A18,[1]SIIMPLES!$A$2:$F$418,6,FALSE),0) -> 0 | AR18: 70 | AS18: 74 | AT18: 0 | AU18: 74 | AV18: 0 | AY18: =IFERROR(AVERAGE(I18,N18,R18,V18,Z18,AD18,AH18,AL18,AP18,AS18,AW18,AX18),"-") -> 81 | BA18: 82 | BB18: =1-BA18/AY18 -> -0.012345679 | BG18: =IFERROR(BC18/AY18,"0") -> 0 | BH18: =IFERROR(IF(F18=1,IF(BC18<AY18*3,AY18*3-BC18,0),IF(BC18<AY18,AY18-BC18,0)),"") -> 81
A19: 332057 | B19: Sim | C19: AUTOMOTIVO | D19: Bandeja | E19: SPARE | F19: =IFERROR(VLOOKUP(E19,Fornecedores!$A$2:$B$2700,2,FALSE),"") -> 2 | G19: Morceguinho Dianteiro Esquerdo Montana 2011 A 2016 | I19: =SUM(J19:M19) -> 24 | J19: 0 | K19: 24 | L19: 0 | M19: 0 | N19: =SUM(O19:Q19) -> 58 | O19: 0 | P19: 8 | Q19: 50 | R19: =SUM(S19:U19) -> 22 | S19: 0 | T19: 12 | U19: 10 | V19: 59 | W19: 0 | X19: 19 | Y19: 40 | Z19: 116 | AA19: 0 | AB19: 26 | AC19: 90 | AD19: =SUM(AE19:AG19) -> 26 | AE19: 0 | AF19: 26 | AG19: 0 | AH19: =SUM(AI19:AK19) -> 77 | AI19: 0 | AJ19: 17 | AK19: 60 | AL19: =SUM(AM19:AO19) -> 137 | AN19: 5 | AO19: 132 | AP19: =SUM(AQ19:AR19) -> 60 | AQ19: =IFERROR(VLOOKUP(A19,[1]SIIMPLES!$A$2:$F$418,6,FALSE),0) -> 51 | AR19: 9 | AS19: 53 | AT19: 0 | AU19: 3 | AV19: 50 | AY19: =IFERROR(AVERAGE(I19,N19,R19,V19,Z19,AD19,AH19,AL19,AP19,AS19,AW19,AX19),"-") -> 63.2 | BA19: 21.333333 | BB19: =1-BA19/AY19 -> 0.66244726 | BG19: =IFERROR(BC19/AY19,"0") -> 0 | BH19: =ROUND(IFERROR(IF(F19=1,IF(BC19<AY19*3,AY19*3-BC19,0),IF(BC19<AY19,AY19*0.6-BC19,0)),""),0) -> 38
A20: 332056 | B20: Sim | C20: AUTOMOTIVO | D20: Bandeja | E20: SPARE | F20: =IFERROR(VLOOKUP(E20,Fornecedores!$A$2:$B$2700,2,FALSE),"") -> 2 | G20: Morceguinho Dianteira Direita Agile 2010 A 2014 | I20: =SUM(J20:M20) -> 24 | J20: 0 | K20: 24 | L20: 0 | M20: 0 | N20: =SUM(O20:Q20) -> 58 | O20: 0 | P20: 8 | Q20: 50 | R20: =SUM(S20:U20) -> 22 | S20: 0 | T20: 12 | U20: 10 | V20: 59 | W20: 0 | X20: 19 | Y20: 40 | Z20: 116 | AA20: 0 | AB20: 26 | AC20: 90 | AD20: =SUM(AE20:AG20) -> 26 | AE20: 0 | AF20: 26 | AG20: 0 | AH20: =SUM(AI20:AK20) -> 76 | AI20: 0 | AJ20: 17 | AK20: 59 | AL20: =SUM(AM20:AO20) -> 137 | AN20: 5 | AO20: 132 | AP20: =SUM(AQ20:AR20) -> 60 | AQ20: =IFERROR(VLOOKUP(A20,[1]SIIMPLES!$A$2:$F$418,6,FALSE),0) -> 51 | AR20: 9 | AS20: 159 | AT20: 36 | AU20: 3 | AV20: 120 | AY20: =IFERROR(AVERAGE(I20,N20,R20,V20,Z20,AD20,AH20,AL20,AP20,AS20,AW20,AX20),"-") -> 73.7 | BA20: 21.5 | BB20: =IFERROR(AY20/BA20-1,"") -> 2.427907 | BG20: =IFERROR(BC20/AY20,"0") -> 0 | BH20: =IFERROR(IF(F20=1,IF(BC20<AY20*3,AY20*3-BC20,0),IF(BC20<AY20,AY20-BC20,0)),"") -> 73.7
A21: 552001 | B21: Sim | C21: AUTOMOTIVO | D21: Bandeja | E21: SPARE | F21: =IFERROR(VLOOKUP(E21,Fornecedores!$A$2:$B$2700,2,FALSE),"") -> 2 | G21: Bandeja Lado Esquerdo Peugeot 206 Todos 1999 A 2010 C Pivô | I21: =SUM(J21:M21) -> 42 | J21: 15 | K21: 16 | L21: 0 | M21: 11 | N21: =SUM(O21:Q21) -> 26 | O21: 17 | P21: 9 | Q21: 0 | R21: =SUM(S21:U21) -> 35 | S21: 12 | T21: 16 | U21: 7 | V21: 58 | W21: 22 | X21: 28 | Y21: 8 | Z21: 49 | AA21: 17 | AB21: 17 | AC21: 15 | AD21: =SUM(AE21:AG21) -> 52 | AE21: 28 | AF21: 19 | AG21: 5 | AH21: =SUM(AI21:AK21) -> 66 | AI21: 34 | AJ21: 7 | AK21: 25 | AL21: =SUM(AM21:AO21) -> 51 | AM21: 32 | AN21: 17 | AO21: 2 | AP21: =SUM(AQ21:AR21) -> 59 | AQ21: =IFERROR(VLOOKUP(A21,[1]SIIMPLES!$A$2:$F$418,6,FALSE),0) -> 43 | AR21: 16 | AS21: 12 | AT21: 7 | AU21: 3 | AV21: 2 | AY21: =IFERROR(AVERAGE(I21,N21,R21,V21,Z21,AD21,AH21,AL21,AP21,AS21,AW21,AX21),"-") -> 45 | BA21: 96.166667 | BB21: =1-BA21/AY21 -> -1.137037 | BG21: =IFERROR(BC21/AY21,"0") -> 0 | BH21: =IFERROR(IF(F21=1,IF(BC21<AY21*3,AY21*3-BC21,0),IF(BC21<AY21,AY21-BC21,0)),"") -> 45
A22: 442055 | B22: Sim | C22: AUTOMOTIVO | D22: Bandeja | E22: SPARE | F22: =IFERROR(VLOOKUP(E22,Fornecedores!$A$2:$B$2700,2,FALSE),"") -> 2 | G22: Bandeja Dianteira Ambos Lados Parati 1993 A 2008 | I22: =SUM(J22:M22) -> 43 | J22: 11 | K22: 32 | L22: 0 | M22: 0 | N22: =SUM(O22:Q22) -> 22 | O22: 0 | P22: 22 | Q22: 0 | R22: =SUM(S22:U22) -> 18 | S22: 8 | T22: 10 | U22: 0 | V22: 48 | W22: 22 | X22: 22 | Y22: 4 | Z22: 29 | AA22: 15 | AB22: 14 | AC22: 0 | AD22: =SUM(AE22:AG22) -> 41 | AE22: 11 | AF22: 10 | AG22: 20 | AH22: =SUM(AI22:AK22) -> 18 | AI22: 15 | AJ22: 0 | AK22: 3 | AL22: =SUM(AM22:AO22) -> 24 | AM22: 22 | AN22: 0 | AO22: 2 | AP22: =SUM(AQ22:AR22) -> 58 | AQ22: =IFERROR(VLOOKUP(A22,[1]SIIMPLES!$A$2:$F$418,6,FALSE),0) -> 58 | AR22: 0 | AS22: 58 | AT22: 41 | AU22: 2 | AV22: 15 | AY22: =IFERROR(AVERAGE(I22,N22,R22,V22,Z22,AD22,AH22,AL22,AP22,AS22,AW22,AX22),"-") -> 35.9 | BA22: 33 | BB22: =1-BA22/AY22 -> 0.080779944 | BF22: =SUM(BC22:BE22) -> 0 | BG22: =IFERROR(BC22/AY22,"0") -> 0 | BH22: =IFERROR(IF(F22=1,IF(BC22<AY22*3,AY22*3-BC22,0),IF(BC22<AY22,AY22-BC22,0)),"") -> 35.9
A23: 552002 | B23: Sim | C23: AUTOMOTIVO | D23: Bandeja | E23: SPARE | F23: =IFERROR(VLOOKUP(E23,Fornecedores!$A$2:$B$2700,2,FALSE),"") -> 2 | G23: Bandeja Ld Peugeot 207 Exceto Escapade 2008 Em Diante C Pivô | I23: =SUM(J23:M23) -> 56 | J23: 29 | K23: 16 | L23: 0 | M23: 11 | N23: =SUM(O23:Q23) -> 32 | O23: 24 | P23: 8 | Q23: 0 | R23: =SUM(S23:U23) -> 57 | S23: 32 | T23: 14 | U23: 11 | V23: 62 | W23: 28 | X23: 26 | Y23: 8 | Z23: 57 | AA23: 24 | AB23: 18 | AC23: 15 | AD23: =SUM(AE23:AG23) -> 44 | AE23: 20 | AF23: 19 | AG23: 5 | AH23: =SUM(AI23:AK23) -> 58 | AI23: 26 | AJ23: 7 | AK23: 25 | AL23: =SUM(AM23:AO23) -> 46 | AM23: 23 | AN23: 17 | AO23: 6 | AP23: =SUM(AQ23:AR23) -> 56 | AQ23: =IFERROR(VLOOKUP(A23,[1]SIIMPLES!$A$2:$F$418,6,FALSE),0) -> 40 | AR23: 16 | AS23: 8 | AT23: 2 | AU23: 3 | AV23: 3 | AY23: =IFERROR(AVERAGE(I23,N23,R23,V23,Z23,AD23,AH23,AL23,AP23,AS23,AW23,AX23),"-") -> 47.6 | BA23: 87.166667 | BB23: =1-BA23/AY23 -> -0.83123249
A24: T1007 | C24: AUTOMOTIVO | D24: Terminal Cabo Câmbio | E24: Importação / LT CORREA | F24: =IFERROR(VLOOKUP(E24,Fornecedores!$A$2:$B$2700,2,FALSE),"") -> 18 | G24: Terminal Conector Cabo Trambulador Celta 2005 Em Diante | I24: 71 | N24: 52 | R24: 58 | V24: 32 | Z24: 8 | AD24: 5 | AH24: =SUM(AI24:AK24) -> 27 | AI24: 7 | AJ24: 0 | AK24: 20 | AL24: =SUM(AM24:AO24) -> 34 | AM24: 1 | AN24: 33 | AO24: 0 | AP24: =SUM(AQ24:AR24) -> 55 | AQ24: =IFERROR(VLOOKUP(A24,[1]SIIMPLES!$A$2:$F$418,6,FALSE),0) -> 9 | AR24: 46 | AS24: 67 | AT24: 8 | AU24: 59 | AV24: 0 | AY24: =IFERROR(AVERAGE(I24,N24,R24,V24,Z24,AD24,AH24,AL24,AP24,AS24,AW24,AX24),"-") -> 40.9 | BA24: 55.25 | BB24: =IFERROR(AY24/BA24-1,"") -> -0.25972851 | BG24: =IFERROR(BC24/AY24,"0") -> 0 | BH24: =IFERROR(IF(F24=1,IF(BC24<AY24*3,AY24*3-BC24,0),IF(BC24<AY24,AY24-BC24,0)),"") -> 40.9
A25: 2316 | B25: Sim | C25: AUTOMOTIVO | D25: Reparo alavanta Câmbio | E25: LT CORREA | F25: =IFERROR(VLOOKUP(E25,Fornecedores!$A$2:$B$2700,2,FALSE),"") -> 3 | G25: Kit Reparo Alavanca Câmbio Trambulador Vectra 2006 Até 2011 | I25: =SUM(J25:M25) -> 75 | J25: 57 | K25: 18 | L25: 0 | M25: 0 | N25: =SUM(O25:Q25) -> 41 | O25: 40 | P25: 1 | Q25: 0 | R25: =SUM(S25:U25) -> 31 | S25: 25 | T25: 6 | U25: 0 | V25: 33 | W25: 33 | X25: 0 | Y25: 0 | Z25: 32 | AA25: 32 | AB25: 0 | AC25: 0 | AD25: =SUM(AE25:AG25) -> 33 | AE25: 33 | AF25: 0 | AG25: 0 | AH25: =SUM(AI25:AK25) -> 7 | AI25: 7 | AJ25: 0 | AK25: 0 | AL25: =SUM(AM25:AO25) -> 28 | AM25: 26 | AN25: 2 | AO25: 0 | AP25: =SUM(AQ25:AR25) -> 50 | AQ25: =IFERROR(VLOOKUP(A25,[1]SIIMPLES!$A$2:$F$418,6,FALSE),0) -> 39 | AR25: 11 | AS25: 4 | AT25: 1 | AU25: 3 | AV25: 0 | AY25: =IFERROR(AVERAGE(I25,N25,R25,V25,Z25,AD25,AH25,AL25,AP25,AS25,AW25,AX25),"-") -> 33.4 | BA25: 83.166667 | BB25: =1-BA25/AY25 -> -1.49002 | BG25: =IFERROR(BC25/AY25,"0") -> 0 | BH25: =IFERROR(IF(F25=1,IF(BC25<AY25*3,AY25*3-BC25,0),IF(BC25<AY25,AY25-BC25,0)),"") -> 33.4
A26: NZT311396 | B26: Sim | C26: AUTOMOTIVO | D26: Rolamento Roda | E26: Importação / Polo | F26: =IFERROR(VLOOKUP(E26,Fornecedores!$A$2:$B$2700,2,FALSE),"") | G26: Rolamento Da Roda Dianteira Sem Abs Kadett 89 A 97 | I26: =SUM(J26:M26) -> 358 | J26: 0 | K26: 58 | L26: 300 | M26: 0 | N26: =SUM(O26:Q26) -> 141 | O26: 3 | P26: 38 | Q26: 100 | R26: =SUM(S26:U26) -> 162 | S26: 4 | T26: 58 | U26: 100 | V26: 193 | W26: 7 | X26: 86 | Y26: 100 | Z26: 104 | AA26: 4 | AB26: 100 | AC26: 0 | AD26: =SUM(AE26:AG26) -> 409 | AE26: 1 | AF26: 108 | AG26: 300 | AH26: =SUM(AI26:AK26) -> 60 | AI26: 0 | AJ26: 60 | AK26: 0 | AL26: =SUM(AM26:AO26) -> 59 | AM26: 3 | AN26: 56 | AO26: 0 | AP26: =SUM(AQ26:AR26) -> 50 | AQ26: =IFERROR(VLOOKUP(A26,[1]SIIMPLES!$A$2:$F$418,6,FALSE),0) -> 0 | AR26: 50 | AS26: 20 | AT26: 0 | AU26: 20 | AV26: 0 | AY26: =IFERROR(AVERAGE(I26,N26,R26,V26,Z26,AD26,AH26,AL26,AP26,AS26,AW26,AX26),"-") -> 155.6 | BA26: 105.33333 | BB26: =1-BA26/AY26 -> 0.32305056 | BG26: =IFERROR(BC26/AY26,"0") -> 0 | BH26: =ROUND(IFERROR(IF(F26=1,IF(BC26<AY26*3,AY26*3-BC26,0),IF(BC26<AY26,AY26*0.6-BC26,0)),""),0) -> 93
A27: FTK11057 | B27: Sim | C27: AUTOMOTIVO | D27: Pivô | E27: SPARE | F27: =IFERROR(VLOOKUP(E27,Fornecedores!$A$2:$B$2700,2,FALSE),"") -> 2 | G27: Pivô Lado Esquerdo Gol G6 2012 Em Diante | I27: =SUM(J27:M27) -> 7 | J27: 2 | K27: 5 | L27: 0 | M27: 0 | N27: =SUM(O27:Q27) -> 11 | O27: 2 | P27: 9 | Q27: 0 | R27: =SUM(S27:U27) -> 15 | S27: 2 | T27: 13 | U27: 0 | V27: 17 | W27: 1 | X27: 16 | Y27: 0 | Z27: 2 | AA27: 1 | AB27: 1 | AC27: 0 | AD27: =SUM(AE27:AG27) -> 33 | AE27: 3 | AF27: 30 | AG27: 0 | AH27: =SUM(AI27:AK27) -> 35 | AI27: 4 | AJ27: 31 | AK27: 0 | AL27: =SUM(AM27:AO27) -> 36 | AN27: 36 | AO27: 0 | AP27: =SUM(AQ27:AR27) -> 48 | AQ27: =IFERROR(VLOOKUP(A27,[1]SIIMPLES!$A$2:$F$418,6,FALSE),0) -> 3 | AR27: 45 | AS27: 50 | AT27: 0 | AU27: 50 | AV27: 0 | AY27: =IFERROR(AVERAGE(I27,N27,R27,V27,Z27,AD27,AH27,AL27,AP27,AS27,AW27,AX27),"-") -> 25.4 | BA27: 4.8333333 | BB27: =IFERROR(AY27/BA27-1,"") -> 4.2551724
A28: 142401 | C28: MOTO PEÇAS | D28: ÓLEO MOTOR | E28: Outros | G28: OLEO SB 5W30 CARRO | AL28: =SUM(AM28:AO28) -> 76 | AO28: 76 | AP28: =SUM(AQ28:AR28) -> 48 | AQ28: =IFERROR(VLOOKUP(A28,[1]SIIMPLES!$A$2:$F$418,6,FALSE),0) -> 48 | AR28: 0 | AS28: 0 | AT28: 0 | AU28: 0 | AV28: 0 | BB28: =IFERROR(AY28/BA28-1,"") | BG28: =IFERROR(BC28/AY28,"0") -> 0 | BH28: =IFERROR(IF(F28=1,IF(BC28<AY28*3,AY28*3-BC28,0),IF(BC28<AY28,AY28-BC28,0)),"") -> 0
A29: 23079 | B29: Sim | C29: AUTOMOTIVO | D29: Pino de Porta | E29: MultiKit | F29: =IFERROR(VLOOKUP(E29,Fornecedores!$A$2:$B$2700,2,FALSE),"") -> 4 | G29: Pino Da Dobradiça Da Porta Blazer 1996 A 2011 | I29: =SUM(J29:M29) -> 38 | J29: 8 | K29: 30 | L29: 0 | M29: 0 | N29: =SUM(O29:Q29) -> 82 | O29: 6 | P29: 76 | Q29: 0 | R29: =SUM(S29:U29) -> 50 | S29: 0 | T29: 50 | U29: 0 | V29: 66 | W29: 0 | X29: 66 | Y29: 0 | Z29: 73 | AA29: 1 | AB29: 72 | AC29: 0 | AD29: =SUM(AE29:AG29) -> 114 | AE29: 0 | AF29: 114 | AG29: 0 | AH29: =SUM(AI29:AK29) -> 95 | AI29: 1 | AJ29: 94 | AK29: 0 | AL29: =SUM(AM29:AO29) -> 66 | AN29: 66 | AO29: 0 | AP29: =SUM(AQ29:AR29) -> 46 | AQ29: =IFERROR(VLOOKUP(A29,[1]SIIMPLES!$A$2:$F$418,6,FALSE),0) -> 0 | AR29: 46 | AS29: 36 | AT29: 0 | AU29: 36 | AV29: 0 | AY29: =IFERROR(AVERAGE(I29,N29,R29,V29,Z29,AD29,AH29,AL29,AP29,AS29,AW29,AX29),"-") -> 66.6 | BA29: 89.5 | BB29: =IFERROR(AY29/BA29-1,"") -> -0.25586592 | BG29: =IFERROR(BC29/AY29,"0") -> 0 | BH29: =ROUND(IFERROR(IF(F29=1,IF(BC29<AY29*3,AY29*3-BC29,0),IF(BC29<AY29,AY29*0.6-BC29,0)),""),0) -> 40
A30: FTK11056 | B30: Sim | C30: AUTOMOTIVO | D30: Pivô | E30: SPARE | F30: =IFERROR(VLOOKUP(E30,Fornecedores!$A$2:$B$2700,2,FALSE),"") -> 2 | G30: Pivô Lado Direito Crossfox 2014 Em Diante | I30: =SUM(J30:M30) -> 5 | J30: 0 | K30: 5 | L30: 0 | M30: 0 | N30: =SUM(O30:Q30) -> 11 | O30: 2 | P30: 9 | Q30: 0 | R30: =SUM(S30:U30) -> 14 | S30: 1 | T30: 13 | U30: 0 | V30: 18 | W30: 2 | X30: 16 | Y30: 0 | Z30: 2 | AA30: 1 | AB30: 1 | AC30: 0 | AD30: =SUM(AE30:AG30) -> 30 | AE30: 0 | AF30: 30 | AG30: 0 | AH30: =SUM(AI30:AK30) -> 31 | AI30: 0 | AJ30: 31 | AK30: 0 | AL30: =SUM(AM30:AO30) -> 36 | AN30: 36 | AO30: 0 | AP30: =SUM(AQ30:AR30) -> 45 | AQ30: =IFERROR(VLOOKUP(A30,[1]SIIMPLES!$A$2:$F$418,6,FALSE),0) -> 0 | AR30: 45 | AS30: 55 | AT30: 5 | AU30: 50 | AV30: 0 | AY30: =IFERROR(AVERAGE(I30,N30,R30,V30,Z30,AD30,AH30,AL30,AP30,AS30,AW30,AX30),"-") -> 24.7 | BA30: 6.1666667 | BB30: =1-BA30/AY30 -> 0.75033738 | BG30: =IFERROR(BC30/AY30,"0") -> 0 | BH30: =ROUND(IFERROR(IF(F30=1,IF(BC30<AY30*3,AY30*3-BC30,0),IF(BC30<AY30,AY30*0.6-BC30,0)),""),0) -> 15
A31: PG001A | B31: Sim | C31: AUTOMOTIVO | D31: Rolamento Eixo | E31: Importação | F31: =IFERROR(VLOOKUP(E31,Fornecedores!$A$2:$B$2700,2,FALSE),"") -> 1 | G31: Kit De Rolamento Eixo Traseiro 207 Passion Com Barra 50mm | I31: =SUM(J31:M31) -> 60 | J31: 0 | K31: 60 | L31: 0 | M31: 0 | N31: =SUM(O31:Q31) -> 36 | O31: 2 | P31: 34 | Q31: 0 | R31: =SUM(S31:U31) -> 48 | S31: 0 | T31: 42 | U31: 6 | V31: 84 | W31: 8 | X31: 56 | Y31: 20 | Z31: 76 | AA31: 0 | AB31: 72 | AC31: 4 | AD31: =SUM(AE31:AG31) -> 76 | AE31: 0 | AF31: 72 | AG31: 4 | AH31: =SUM(AI31:AK31) -> 54 | AI31: 4 | AJ31: 50 | AK31: 0 | AL31: =SUM(AM31:AO31) -> 63 | AM31: 3 | AN31: 58 | AO31: 2 | AP31: =SUM(AQ31:AR31) -> 42 | AQ31: =IFERROR(VLOOKUP(A31,[1]SIIMPLES!$A$2:$F$418,6,FALSE),0) -> 2 | AR31: 40 | AS31: 42 | AT31: 0 | AU31: 42 | AV31: 0 | AY31: =IFERROR(AVERAGE(I31,N31,R31,V31,Z31,AD31,AH31,AL31,AP31,AS31,AW31,AX31),"-") -> 58.1 | BA31: 77.166667 | BB31: =IFERROR(AY31/BA31-1,"") -> -0.24708423 | BG31: =IFERROR(BC31/AY31,"0") -> 0 | BH31: =ROUND(IFERROR(IF(F31=1,IF(BC31<AY31*3,AY31*3-BC31,0),IF(BC31<AY31,AY31*0.6-BC31,0)),""),0) -> 174
A32: 442090 | B32: Sim | C32: AUTOMOTIVO | D32: Bandeja | E32: SPARE | F32: =IFERROR(VLOOKUP(E32,Fornecedores!$A$2:$B$2700,2,FALSE),"") -> 2 | G32: Bandeja Sem Pivô Lado Esquerdo Saveiro G6 2012 Em Diante | I32: =SUM(J32:M32) -> 10 | J32: 5 | K32: 5 | L32: 0 | M32: 0 | N32: =SUM(O32:Q32) -> 10 | O32: 1 | P32: 9 | Q32: 0 | R32: =SUM(S32:U32) -> 10 | S32: 0 | T32: 10 | U32: 0 | V32: 20 | W32: 0 | X32: 15 | Y32: 5 | Z32: 5 | AA32: 2 | AB32: 3 | AC32: 0 | AD32: =SUM(AE32:AG32) -> 59 | AE32: 0 | AF32: 29 | AG32: 30 | AH32: =SUM(AI32:AK32) -> 20 | AI32: 0 | AJ32: 20 | AK32: 0 | AL32: =SUM(AM32:AO32) -> 36 | AN32: 30 | AO32: 6 | AP32: =SUM(AQ32:AR32) -> 40 | AQ32: =IFERROR(VLOOKUP(A32,[1]SIIMPLES!$A$2:$F$418,6,FALSE),0) -> 0 | AR32: 40 | AS32: 48 | AT32: 0 | AU32: 48 | AV32: 0 | AY32: =IFERROR(AVERAGE(I32,N32,R32,V32,Z32,AD32,AH32,AL32,AP32,AS32,AW32,AX32),"-") -> 25.8 | BA32: 5.5 | BB32: =IFERROR(AY32/BA32-1,"") -> 3.6909091 | BG32: =IFERROR(BC32/AY32,"0") -> 0 | BH32: =ROUND(IFERROR(IF(F32=1,IF(BC32<AY32*3,AY32*3-BC32,0),IF(BC32<AY32,AY32*0.6-BC32,0)),""),0) -> 15
A33: 442091 | B33: Sim | C33: AUTOMOTIVO | D33: Bandeja | E33: SPARE | F33: =IFERROR(VLOOKUP(E33,Fornecedores!$A$2:$B$2700,2,FALSE),"") -> 2 | G33: Bandeja Sem Pivô Lado Direito Gol G6 2012 Em Diante | I33: =SUM(J33:M33) -> 7 | J33: 0 | K33: 7 | L33: 0 | M33: 0 | N33: =SUM(O33:Q33) -> 11 | O33: 0 | P33: 11 | Q33: 0 | R33: =SUM(S33:U33) -> 10 | S33: 0 | T33: 10 | U33: 0 | V33: 20 | W33: 0 | X33: 15 | Y33: 5 | Z33: 5 | AA33: 2 | AB33: 3 | AC33: 0 | AD33: =SUM(AE33:AG33) -> 59 | AE33: 0 | AF33: 29 | AG33: 30 | AH33: =SUM(AI33:AK33) -> 20 | AI33: 0 | AJ33: 20 | AK33: 0 | AL33: =SUM(AM33:AO33) -> 36 | AN33: 30 | AO33: 6 | AP33: =SUM(AQ33:AR33) -> 40 | AQ33: =IFERROR(VLOOKUP(A33,[1]SIIMPLES!$A$2:$F$418,6,FALSE),0) -> 0 | AR33: 40 | AS33: 50 | AT33: 2 | AU33: 48 | AV33: 0 | AY33: =IFERROR(AVERAGE(I33,N33,R33,V33,Z33,AD33,AH33,AL33,AP33,AS33,AW33,AX33),"-") -> 25.8 | BA33: 5.6666667 | BB33: =IFERROR(AY33/BA33-1,"") -> 3.5529412 | BG33: =IFERROR(BC33/AY33,"0") -> 0 | BH33: =IFERROR(IF(F33=1,IF(BC33<AY33*3,AY33*3-BC33,0),IF(BC33<AY33,AY33-BC33,0)),"") -> 25.8
A34: 28006 | B34: Sim | C34: AUTOMOTIVO | D34: Pino de Freio | E34: MultiKit | F34: =IFERROR(VLOOKUP(E34,Fornecedores!$A$2:$B$2700,2,FALSE),"") -> 4 | G34: Reparo Pino Guia Pinça De Freio Dianteiro Nissan Versa | I34: =SUM(J34:M34) -> 26 | J34: 0 | K34: 26 | L34: 0 | M34: 0 | N34: =SUM(O34:Q34) -> 36 | O34: 6 | P34: 30 | Q34: 0 | R34: =SUM(S34:U34) -> 9 | S34: 1 | T34: 6 | U34: 2 | V34: 29 | W34: 9 | X34: 20 | Y34: 0 | Z34: 34 | AA34: 2 | AB34: 32 | AC34: 0 | AD34: =SUM(AE34:AG34) -> 43 | AE34: 3 | AF34: 40 | AG34: 0 | AH34: =SUM(AI34:AK34) -> 27 | AI34: 1 | AJ34: 26 | AK34: 0 | AL34: =SUM(AM34:AO34) -> 12 | AM34: 2 | AN34: 10 | AO34: 0 | AP34: =SUM(AQ34:AR34) -> 39 | AQ34: =IFERROR(VLOOKUP(A34,[1]SIIMPLES!$A$2:$F$418,6,FALSE),0) -> 9 | AR34: 30 | AS34: 45 | AT34: 1 | AU34: 44 | AV34: 0 | AY34: =IFERROR(AVERAGE(I34,N34,R34,V34,Z34,AD34,AH34,AL34,AP34,AS34,AW34,AX34),"-") -> 30 | BA34: 53.666667 | BB34: =IFERROR(AY34/BA34-1,"") -> -0.44099379
A35: 112001 | B35: Sim | C35: AUTOMOTIVO | D35: Bandeja | E35: SPARE | F35: =IFERROR(VLOOKUP(E35,Fornecedores!$A$2:$B$2700,2,FALSE),"") -> 2 | G35: Bandeja Traseira Uno Cs S Sx 1984 A 1996 | I35: =SUM(J35:M35) -> 10 | J35: 2 | K35: 8 | L35: 0 | M35: 0 | N35: =SUM(O35:Q35) -> 6 | O35: 0 | P35: 6 | Q35: 0 | R35: =SUM(S35:U35) -> 11 | S35: 3 | T35: 4 | U35: 4 | V35: 19 | W35: 3 | X35: 16 | Y35: 0 | Z35: 33 | AA35: 1 | AB35: 22 | AC35: 10 | AD35: =SUM(AE35:AG35) -> 28 | AE35: 0 | AF35: 28 | AG35: 0 | AH35: =SUM(AI35:AK35) -> 25 | AI35: 5 | AJ35: 20 | AK35: 0 | AL35: =SUM(AM35:AO35) -> 37 | AM35: 5 | AN35: 32 | AO35: 0 | AP35: =SUM(AQ35:AR35) -> 39 | AQ35: =IFERROR(VLOOKUP(A35,[1]SIIMPLES!$A$2:$F$418,6,FALSE),0) -> 3 | AR35: 36 | AS35: 64 | AT35: 20 | AU35: 42 | AV35: 2 | AY35: =IFERROR(AVERAGE(I35,N35,R35,V35,Z35,AD35,AH35,AL35,AP35,AS35,AW35,AX35),"-") -> 27.2 | BA35: 14.333333 | BB35: =IFERROR(AY35/BA35-1,"") -> 0.89767442 | BF35: =SUM(BC35:BE35) -> 0 | BG35: =IFERROR(BC35/AY35,"0") -> 0 | BH35: =IFERROR(IF(F35=1,IF(BC35<AY35*3,AY35*3-BC35,0),IF(BC35<AY35,AY35-BC35,0)),"") -> 27.2
A36: FD001 | B36: Sim | C36: AUTOMOTIVO | D36: Rolamento Roda | E36: Importação | F36: =IFERROR(VLOOKUP(E36,Fornecedores!$A$2:$B$2700,2,FALSE),"") -> 1 | G36: Kit Rolamento Roda Traseira Ford Verona 1993 1994 1995 1996. | I36: =SUM(J36:M36) -> 85 | J36: 37 | K36: 48 | L36: 0 | M36: 0 | N36: =SUM(O36:Q36) -> 173 | O36: 35 | P36: 38 | Q36: 100 | R36: =SUM(S36:U36) -> 56 | S36: 26 | T36: 30 | U36: 0 | V36: 106 | W36: 40 | X36: 66 | Y36: 0 | Z36: 52 | AA36: 14 | AB36: 38 | AC36: 0 | AD36: =SUM(AE36:AG36) -> 81 | AE36: 21 | AF36: 50 | AG36: 10 | AH36: =SUM(AI36:AK36) -> 60 | AI36: 22 | AJ36: 38 | AK36: 0 | AL36: =SUM(AM36:AO36) -> 123 | AM36: 41 | AN36: 32 | AO36: 50 | AP36: =SUM(AQ36:AR36) -> 39 | AQ36: =IFERROR(VLOOKUP(A36,[1]SIIMPLES!$A$2:$F$418,6,FALSE),0) -> 13 | AR36: 26 | AS36: 39 | AT36: 11 | AU36: 28 | AV36: 0 | AY36: =IFERROR(AVERAGE(I36,N36,R36,V36,Z36,AD36,AH36,AL36,AP36,AS36,AW36,AX36),"-") -> 81.4 | BA36: 151.16667 | BB36: =IFERROR(AY36/BA36-1,"") -> -0.4615215 | BG36: =IFERROR(BC36/AY36,"0") -> 0 | BH36: =IFERROR(IF(F36=1,IF(BC36<AY36*3,AY36*3-BC36,0),IF(BC36<AY36,AY36-BC36,0)),"") -> 244.2
A37: 13125 | B37: Sim | C37: AUTOMOTIVO | D37: Pino de Freio | E37: MultiKit | F37: =IFERROR(VLOOKUP(E37,Fornecedores!$A$2:$B$2700,2,FALSE),"") -> 4 | G37: Kit Guia Pinça De Freio Sonic Lt Flex 1.6man 2013 | I37: =SUM(J37:M37) -> 61 | J37: 25 | K37: 36 | L37: 0 | M37: 0 | N37: =SUM(O37:Q37) -> 54 | O37: 16 | P37: 38 | Q37: 0 | R37: =SUM(S37:U37) -> 39 | S37: 19 | T37: 20 | U37: 0 | V37: 69 | W37: 31 | X37: 38 | Y37: 0 | Z37: 43 | AA37: 15 | AB37: 28 | AC37: 0 | AD37: =SUM(AE37:AG37) -> 41 | AE37: 15 | AF37: 26 | AG37: 0 | AH37: =SUM(AI37:AK37) -> 25 | AI37: 17 | AJ37: 8 | AK37: 0 | AL37: =SUM(AM37:AO37) -> 32 | AM37: 4 | AN37: 28 | AO37: 0 | AP37: =SUM(AQ37:AR37) -> 37 | AQ37: =IFERROR(VLOOKUP(A37,[1]SIIMPLES!$A$2:$F$418,6,FALSE),0) -> 11 | AR37: 26 | AS37: 84 | AT37: 34 | AU37: 50 | AV37: 0 | AY37: =IFERROR(AVERAGE(I37,N37,R37,V37,Z37,AD37,AH37,AL37,AP37,AS37,AW37,AX37),"-") -> 48.5 | BA37: 63 | BB37: =1-BA37/AY37 -> -0.29896907 | BG37: =IFERROR(BC37/AY37,"0") -> 0 | BH37: =IFERROR(IF(F37=1,IF(BC37<AY37*3,AY37*3-BC37,0),IF(BC37<AY37,AY37-BC37,0)),"") -> 48.5
A38: LT5609 | B38: Sim | C38: AUTOMOTIVO | D38: Reparo alavanta Câmbio | E38: LT CORREA | F38: =IFERROR(VLOOKUP(E38,Fornecedores!$A$2:$B$2700,2,FALSE),"") -> 3 | G38: Kit Reparo Terminal Cabo Engate Seleção Nissan Versa | I38: =SUM(J38:M38) -> 34 | J38: 33 | K38: 0 | L38: 0 | M38: 1 | N38: =SUM(O38:Q38) -> 35 | O38: 35 | P38: 0 | Q38: 0 | R38: =SUM(S38:U38) -> 51 | S38: 47 | T38: 0 | U38: 4 | V38: 48 | W38: 47 | X38: 0 | Y38: 1 | Z38: 42 | AA38: 42 | AB38: 0 | AC38: 0 | AD38: =SUM(AE38:AG38) -> 31 | AE38: 31 | AF38: 0 | AG38: 0 | AH38: =SUM(AI38:AK38) -> 25 | AI38: 25 | AJ38: 0 | AK38: 0 | AL38: =SUM(AM38:AO38) -> 58 | AM38: 58 | AN38: 0 | AO38: 0 | AP38: =SUM(AQ38:AR38) -> 37 | AQ38: =IFERROR(VLOOKUP(A38,[1]SIIMPLES!$A$2:$F$418,6,FALSE),0) -> 37 | AR38: 0 | AS38: 25 | AT38: 25 | AU38: 0 | AV38: 0 | AY38: =IFERROR(AVERAGE(I38,N38,R38,V38,Z38,AD38,AH38,AL38,AP38,AS38,AW38,AX38),"-") -> 38.6 | BA38: 77.833333 | BB38: =IFERROR(AY38/BA38-1,"") -> -0.50406852 | BG38: =IFERROR(BC38/AY38,"0") -> 0 | BH38: =IFERROR(IF(F38=1,IF(BC38<AY38*3,AY38*3-BC38,0),IF(BC38<AY38,AY38-BC38,0)),"") -> 38.6
A39: 2374 | C39: AUTOMOTIVO | D39: Suporte Radiador | E39: LT CORREA | F39: =IFERROR(VLOOKUP(E39,Fornecedores!$A$2:$B$2700,2,FALSE),"") -> 3 | G39: Kit Suporte Coxim Superior Do Radiador Cobalt 2012 Em Diante | I39: =SUM(J39:M39) -> 0 | N39: =SUM(O39:Q39) -> 0 | R39: =SUM(S39:U39) -> 5 | S39: 5 | T39: 0 | V39: 19 | W39: 19 | X39: 0 | Y39: 0 | Z39: 20 | AA39: 20 | AB39: 0 | AC39: 0 | AD39: =SUM(AE39:AG39) -> 34 | AE39: 34 | AF39: 0 | AG39: 0 | AH39: =SUM(AI39:AK39) -> 32 | AI39: 32 | AJ39: 0 | AK39: 0 | AL39: =SUM(AM39:AO39) -> 36 | AM39: 36 | AN39: 0 | AO39: 0 | AP39: =SUM(AQ39:AR39) -> 36 | AQ39: =IFERROR(VLOOKUP(A39,[1]SIIMPLES!$A$2:$F$418,6,FALSE),0) -> 36 | AR39: 0 | AS39: 43 | AT39: 43 | AU39: 0 | AV39: 0 | AY39: =IFERROR(AVERAGE(I39,N39,R39,V39,Z39,AD39,AH39,AL39,AP39,AS39,AW39,AX39),"-") -> 22.5 | BB39: =1-BA39/AY39 -> #VALUE! | BG39: =IFERROR(BC39/AY39,"0") -> 0 | BH39: =IFERROR(IF(F39=1,IF(BC39<AY39*3,AY39*3-BC39,0),IF(BC39<AY39,AY39-BC39,0)),"") -> 22.5
A40: 5554 | B40: Sim | C40: AUTOMOTIVO | D40: Terminal Cabo Câmbio | E40: LT CORREA | F40: =IFERROR(VLOOKUP(E40,Fornecedores!$A$2:$B$2700,2,FALSE),"") -> 3 | G40: Terminal Cabo De Engate Audi A3 2003 | I40: =SUM(J40:M40) -> 47 | J40: 47 | K40: 0 | L40: 0 | M40: 0 | N40: =SUM(O40:Q40) -> 23 | O40: 23 | P40: 0 | Q40: 0 | R40: =SUM(S40:U40) -> 35 | S40: 35 | T40: 0 | U40: 0 | V40: 33 | W40: 33 | X40: 0 | Y40: 0 | Z40: 19 | AA40: 19 | AB40: 0 | AC40: 0 | AD40: =SUM(AE40:AG40) -> 47 | AE40: 47 | AF40: 0 | AG40: 0 | AH40: =SUM(AI40:AK40) -> 32 | AI40: 32 | AJ40: 0 | AK40: 0 | AL40: =SUM(AM40:AO40) -> 43 | AM40: 43 | AN40: 0 | AO40: 0 | AP40: =SUM(AQ40:AR40) -> 35 | AQ40: =IFERROR(VLOOKUP(A40,[1]SIIMPLES!$A$2:$F$418,6,FALSE),0) -> 35 | AR40: 0 | AS40: 0 | AT40: 0 | AU40: 0 | AV40: 0 | AY40: =IFERROR(AVERAGE(I40,N40,R40,V40,Z40,AD40,AH40,AL40,AP40,AS40,AW40,AX40),"-") -> 31.4 | BA40: 51.333333 | BB40: =IFERROR(AY40/BA40-1,"") -> -0.38831169 | BG40: =IFERROR(BC40/AY40,"0") -> 0 | BH40: =IFERROR(IF(F40=1,IF(BC40<AY40*3,AY40*3-BC40,0),IF(BC40<AY40,AY40-BC40,0)),"") -> 31.4
A41: 14097 | C41: AUTOMOTIVO | D41: Pino de Freio | E41: MultiKit | F41: =IFERROR(VLOOKUP(E41,Fornecedores!$A$2:$B$2700,2,FALSE),"") -> 4 | G41: Pino Reparo Da Dobradiça Porta Uno Mille Ld Le 2007 | I41: =SUM(J41:M41) -> 69 | J41: 0 | K41: 69 | L41: 0 | M41: 0 | N41: =SUM(O41:Q41) -> 52 | O41: 2 | P41: 50 | Q41: 0 | R41: =SUM(S41:U41) -> 7 | S41: 0 | T41: 3 | U41: 4 | V41: 26 | W41: 0 | X41: 26 | Y41: 0 | Z41: 26 | AA41: 0 | AB41: 26 | AC41: 0 | AD41: =SUM(AE41:AG41) -> 34 | AE41: 0 | AF41: 34 | AG41: 0 | AH41: =SUM(AI41:AK41) -> 39 | AI41: 1 | AJ41: 38 | AK41: 0 | AL41: =SUM(AM41:AO41) -> 16 | AN41: 16 | AO41: 0 | AP41: =SUM(AQ41:AR41) -> 33 | AQ41: =IFERROR(VLOOKUP(A41,[1]SIIMPLES!$A$2:$F$418,6,FALSE),0) -> 0 | AR41: 33 | AS41: 60 | AT41: 0 | AU41: 60 | AV41: 0 | AY41: =IFERROR(AVERAGE(I41,N41,R41,V41,Z41,AD41,AH41,AL41,AP41,AS41,AW41,AX41),"-") -> 36.2 | BA41: 21.166667 | BB41: =IFERROR(AY41/BA41-1,"") -> 0.71023622 | BG41: =IFERROR(BC41/AY41,"0") -> 0 | BH41: =IFERROR(IF(F41=1,IF(BC41<AY41*3,AY41*3-BC41,0),IF(BC41<AY41,AY41-BC41,0)),"") -> 36.2
A42: 41260-BF0-CG07 | C42: MOTO PEÇAS | D42: OUTROS | E42: SMARTFOX | G42: ESTICADOR CORRENTE TITAN 150 04-15/FAN 150 10-15/FAN 125 09-18/ FAN | AH42: =SUM(AI42:AK42) -> 4 | AK42: 4 | AL42: =SUM(AM42:AO42) -> 0 | AN42: 0 | AO42: 0 | AP42: =SUM(AQ42:AR42) -> 32 | AQ42: =IFERROR(VLOOKUP(A42,[1]SIIMPLES!$A$2:$F$418,6,FALSE),0) -> 32 | AR42: 0 | AS42: 5 | AT42: 5 | AU42: 0 | AV42: 0 | BB42: =IFERROR(AY42/BA42-1,"") | BG42: =IFERROR(BC42/AY42,"0") -> 0 | BH42: =IFERROR(IF(F42=1,IF(BC42<AY42*3,AY42*3-BC42,0),IF(BC42<AY42,AY42-BC42,0)),"") -> 0
A43: 552032 | B43: Sim | C43: AUTOMOTIVO | D43: Bandeja | E43: SPARE | F43: =IFERROR(VLOOKUP(E43,Fornecedores!$A$2:$B$2700,2,FALSE),"") -> 2 | G43: Bandeja Inferior Direita Com Pivô Citroen C3 2013 A 2022 | I43: =SUM(J43:M43) -> 6 | J43: 1 | K43: 5 | L43: 0 | M43: 0 | N43: =SUM(O43:Q43) -> 5 | O43: 2 | P43: 3 | Q43: 0 | R43: =SUM(S43:U43) -> 7 | S43: 1 | T43: 6 | U43: 0 | V43: 8 | W43: 0 | X43: 8 | Y43: 0 | Z43: 4 | AA43: 0 | AB43: 4 | AC43: 0 | AD43: =SUM(AE43:AG43) -> 15 | AE43: 3 | AF43: 12 | AG43: 0 | AH43: =SUM(AI43:AK43) -> 17 | AI43: 5 | AJ43: 11 | AK43: 1 | AL43: =SUM(AM43:AO43) -> 26 | AM43: 2 | AN43: 24 | AO43: 0 | AP43: =SUM(AQ43:AR43) -> 30 | AQ43: =IFERROR(VLOOKUP(A43,[1]SIIMPLES!$A$2:$F$418,6,FALSE),0) -> 9 | AR43: 21 | AS43: 21 | AT43: 0 | AU43: 21 | AV43: 0 | AY43: =IFERROR(AVERAGE(I43,N43,R43,V43,Z43,AD43,AH43,AL43,AP43,AS43,AW43,AX43),"-") -> 13.9 | BA43: 2.3333333 | BB43: =IFERROR(AY43/BA43-1,"") -> 4.9571429 | BG43: =IFERROR(BC43/AY43,"0") -> 0 | BH43: =IFERROR(IF(F43=1,IF(BC43<AY43*3,AY43*3-BC43,0),IF(BC43<AY43,AY43-BC43,0)),"") -> 13.9
A44: 5307 | B44: Sim | C44: AUTOMOTIVO | D44: Bieleta | E44: HOLYMAN | F44: =IFERROR(VLOOKUP(E44,Fornecedores!$A$2:$B$2700,2,FALSE),"") -> 5 | G44: Bieleta Dianteira Vw Spacefox E Spacecross Todas Versões | I44: =SUM(J44:M44) -> 9 | J44: 1 | K44: 8 | L44: 0 | M44: 0 | N44: =SUM(O44:Q44) -> 12 | O44: 0 | P44: 12 | Q44: 0 | R44: =SUM(S44:U44) -> 6 | S44: 0 | T44: 6 | U44: 0 | V44: 4 | W44: 0 | X44: 4 | Y44: 0 | Z44: 15 | AA44: 0 | AB44: 15 | AC44: 0 | AD44: =SUM(AE44:AG44) -> 34 | AE44: 0 | AF44: 34 | AG44: 0 | AH44: =SUM(AI44:AK44) -> 16 | AI44: 0 | AJ44: 16 | AK44: 0 | AL44: =SUM(AM44:AO44) -> 8 | AN44: 6 | AO44: 2 | AP44: =SUM(AQ44:AR44) -> 28 | AQ44: =IFERROR(VLOOKUP(A44,[1]SIIMPLES!$A$2:$F$418,6,FALSE),0) -> 0 | AR44: 28 | AS44: 56 | AT44: 0 | AU44: 46 | AV44: 10 | AY44: =IFERROR(AVERAGE(I44,N44,R44,V44,Z44,AD44,AH44,AL44,AP44,AS44,AW44,AX44),"-") -> 18.8 | BA44: 24.333333 | BB44: =IFERROR(AY44/BA44-1,"") -> -0.22739726 | BF44: =SUM(BC44:BE44) -> 0 | BG44: =IFERROR(BC44/AY44,"0") -> 0 | BH44: =IFERROR(IF(F44=1,IF(BC44<AY44*3,AY44*3-BC44,0),IF(BC44<AY44,AY44-BC44,0)),"") -> 18.8
A45: 5701 | B45: Sim | C45: AUTOMOTIVO | D45: Bieleta | E45: HOLYMAN | F45: =IFERROR(VLOOKUP(E45,Fornecedores!$A$2:$B$2700,2,FALSE),"") -> 5 | G45: Bieleta Dianteira Ambos Os Lados Citroen Ds3 | I45: =SUM(J45:M45) -> 88 | J45: 0 | K45: 88 | L45: 0 | M45: 0 | N45: =SUM(O45:Q45) -> 77 | O45: 0 | P45: 77 | Q45: 0 | R45: =SUM(S45:U45) -> 77 | S45: 3 | T45: 74 | U45: 0 | V45: 58 | W45: 0 | X45: 58 | Y45: 0 | Z45: 35 | AA45: 0 | AB45: 35 | AC45: 0 | AD45: =SUM(AE45:AG45) -> 34 | AE45: 0 | AF45: 34 | AG45: 0 | AH45: =SUM(AI45:AK45) -> 15 | AI45: 1 | AJ45: 14 | AK45: 0 | AL45: =SUM(AM45:AO45) -> 36 | AN45: 36 | AO45: 0 | AP45: =SUM(AQ45:AR45) -> 28 | AQ45: =IFERROR(VLOOKUP(A45,[1]SIIMPLES!$A$2:$F$418,6,FALSE),0) -> 0 | AR45: 28 | AS45: 16 | AT45: 10 | AU45: 6 | AV45: 0 | AY45: =IFERROR(AVERAGE(I45,N45,R45,V45,Z45,AD45,AH45,AL45,AP45,AS45,AW45,AX45),"-") -> 46.4 | BA45: 96.5 | BB45: =IFERROR(AY45/BA45-1,"") -> -0.51917098 | BG45: =IFERROR(BC45/AY45,"0") -> 0 | BH45: =IFERROR(IF(F45=1,IF(BC45<AY45*3,AY45*3-BC45,0),IF(BC45<AY45,AY45-BC45,0)),"") -> 46.4
A46: 552033 | B46: Sim | C46: AUTOMOTIVO | D46: Bandeja | E46: SPARE | F46: =IFERROR(VLOOKUP(E46,Fornecedores!$A$2:$B$2700,2,FALSE),"") -> 2 | G46: Bandeja Inferior Esquerda Com Pivô Citroen C3 2013 A 2022 | I46: =SUM(J46:M46) -> 5 | J46: 0 | K46: 5 | L46: 0 | M46: 0 | N46: =SUM(O46:Q46) -> 5 | O46: 2 | P46: 3 | Q46: 0 | R46: =SUM(S46:U46) -> 9 | S46: 3 | T46: 6 | U46: 0 | V46: 8 | W46: 0 | X46: 8 | Y46: 0 | Z46: 4 | AA46: 0 | AB46: 4 | AC46: 0 | AD46: =SUM(AE46:AG46) -> 18 | AE46: 6 | AF46: 12 | AG46: 0 | AH46: =SUM(AI46:AK46) -> 19 | AI46: 7 | AJ46: 11 | AK46: 1 | AL46: =SUM(AM46:AO46) -> 28 | AM46: 4 | AN46: 24 | AO46: 0 | AP46: =SUM(AQ46:AR46) -> 27 | AQ46: =IFERROR(VLOOKUP(A46,[1]SIIMPLES!$A$2:$F$418,6,FALSE),0) -> 6 | AR46: 21 | AS46: 29 | AT46: 7 | AU46: 21 | AV46: 1 | AY46: =IFERROR(AVERAGE(I46,N46,R46,V46,Z46,AD46,AH46,AL46,AP46,AS46,AW46,AX46),"-") -> 15.2 | BA46: 2.8333333 | BB46: =IFERROR(AY46/BA46-1,"") -> 4.3647059 | BG46: =IFERROR(BC46/AY46,"0") -> 0 | BH46: =IFERROR(IF(F46=1,IF(BC46<AY46*3,AY46*3-BC46,0),IF(BC46<AY46,AY46-BC46,0)),"") -> 15.2
A47: 662046 | B47: Sim | C47: AUTOMOTIVO | D47: Bandeja | E47: SPARE | F47: =IFERROR(VLOOKUP(E47,Fornecedores!$A$2:$B$2700,2,FALSE),"") -> 2 | G47: Bandeja Dianteira Direita Com Pivô Sandero 2014 A 2019 | I47: =SUM(J47:M47) -> 23 | J47: 15 | K47: 8 | L47: 0 | M47: 0 | N47: =SUM(O47:Q47) -> 7 | O47: 6 | P47: 1 | Q47: 0 | R47: =SUM(S47:U47) -> 3 | S47: 2 | T47: 1 | U47: 0 | V47: 14 | W47: 8 | X47: 4 | Y47: 2 | Z47: 4 | AA47: 4 | AB47: 0 | AC47: 0 | AD47: =SUM(AE47:AG47) -> 15 | AE47: 13 | AF47: 2 | AG47: 0 | AH47: =SUM(AI47:AK47) -> 15 | AI47: 9 | AJ47: 5 | AK47: 1 | AL47: =SUM(AM47:AO47) -> 18 | AM47: 9 | AN47: 9 | AO47: 0 | AP47: =SUM(AQ47:AR47) -> 27 | AQ47: =IFERROR(VLOOKUP(A47,[1]SIIMPLES!$A$2:$F$418,6,FALSE),0) -> 9 | AR47: 18 | AS47: 14 | AT47: 1 | AU47: 13 | AV47: 0 | AY47: =IFERROR(AVERAGE(I47,N47,R47,V47,Z47,AD47,AH47,AL47,AP47,AS47,AW47,AX47),"-") -> 14 | BA47: 8.6666667 | BB47: =IFERROR(AY47/BA47-1,"") -> 0.61538462 | BG47: =IFERROR(BC47/AY47,"0") -> 0
A48: 552010 | B48: Sim | C48: AUTOMOTIVO | D48: Bandeja | E48: SPARE | F48: =IFERROR(VLOOKUP(E48,Fornecedores!$A$2:$B$2700,2,FALSE),"") -> 2 | G48: Bandeja Direita Sem Pivô Citroen C3 2003 A 2012 | I48: =SUM(J48:M48) -> 19 | J48: 5 | K48: 14 | L48: 0 | M48: 0 | N48: =SUM(O48:Q48) -> 14 | O48: 11 | P48: 3 | Q48: 0 | R48: =SUM(S48:U48) -> 7 | S48: 4 | T48: 3 | U48: 0 | V48: 13 | W48: 5 | X48: 8 | Y48: 0 | Z48: 13 | AA48: 2 | AB48: 11 | AC48: 0 | AD48: =SUM(AE48:AG48) -> 7 | AE48: 1 | AF48: 6 | AG48: 0 | AH48: =SUM(AI48:AK48) -> 8 | AI48: 2 | AJ48: 6 | AK48: 0 | AL48: =SUM(AM48:AO48) -> 25 | AM48: 2 | AN48: 13 | AO48: 10 | AP48: =SUM(AQ48:AR48) -> 26 | AQ48: =IFERROR(VLOOKUP(A48,[1]SIIMPLES!$A$2:$F$418,6,FALSE),0) -> 4 | AR48: 22 | AS48: 14 | AT48: 5 | AU48: 9 | AV48: 0 | AY48: =IFERROR(AVERAGE(I48,N48,R48,V48,Z48,AD48,AH48,AL48,AP48,AS48,AW48,AX48),"-") -> 14.6 | BA48: 9.5 | BB48: =1-BA48/AY48 -> 0.34931507 | BF48: =SUM(BC48:BE48) -> 0 | BG48: =IFERROR(BC48/AY48,"0") -> 0 | BH48: =IFERROR(IF(F48=1,IF(BC48<AY48*3,AY48*3-BC48,0),IF(BC48<AY48,AY48-BC48,0)),"") -> 14.6
A49: 14098 | B49: Sim | C49: AUTOMOTIVO | D49: Pino de Porta | E49: MultiKit | F49: =IFERROR(VLOOKUP(E49,Fornecedores!$A$2:$B$2700,2,FALSE),"") -> 4 | G49: Pino Da Dobradiça Da Porta Siena G3 2005 A 2008 | I49: =SUM(J49:M49) -> 40 | J49: 10 | K49: 30 | L49: 0 | M49: 0 | N49: =SUM(O49:Q49) -> 17 | O49: 7 | P49: 10 | Q49: 0 | R49: =SUM(S49:U49) -> 26 | S49: 10 | T49: 16 | U49: 0 | V49: 22 | W49: 8 | X49: 14 | Y49: 0 | Z49: 42 | AA49: 10 | AB49: 32 | AC49: 0 | AD49: =SUM(AE49:AG49) -> 47 | AE49: 7 | AF49: 40 | AG49: 0 | AH49: =SUM(AI49:AK49) -> 51 | AI49: 5 | AJ49: 46 | AK49: 0 | AL49: =SUM(AM49:AO49) -> 40 | AM49: 6 | AN49: 34 | AO49: 0 | AP49: =SUM(AQ49:AR49) -> 24 | AQ49: =IFERROR(VLOOKUP(A49,[1]SIIMPLES!$A$2:$F$418,6,FALSE),0) -> 6 | AR49: 18 | AS49: 47 | AT49: 5 | AU49: 42 | AV49: 0 | AY49: =IFERROR(AVERAGE(I49,N49,R49,V49,Z49,AD49,AH49,AL49,AP49,AS49,AW49,AX49),"-") -> 35.6 | BA49: 18.833333 | BB49: =IFERROR(AY49/BA49-1,"") -> 0.89026549 | BG49: =IFERROR(BC49/AY49,"0") -> 0 | BH49: =IFERROR(IF(F49=1,IF(BC49<AY49*3,AY49*3-BC49,0),IF(BC49<AY49,AY49-BC49,0)),"") -> 35.6
A50: 772102 | B50: Sim | C50: AUTOMOTIVO | D50: Bandeja | E50: SPARE | F50: =IFERROR(VLOOKUP(E50,Fornecedores!$A$2:$B$2700,2,FALSE),"") -> 2 | G50: Bandeja Com Pivô Lado Esquerdo Nissan March 2011 Em Diante | I50: =SUM(J50:M50) -> 0 | J50: 0 | K50: 0 | L50: 0 | M50: 0 | N50: =SUM(O50:Q50) -> 0 | O50: 0 | P50: 0 | Q50: 0 | R50: =SUM(S50:U50) -> 3 | S50: 1 | T50: 0 | U50: 2 | V50: 4 | W50: 1 | X50: 3 | Y50: 0 | Z50: 6 | AA50: 0 | AB50: 6 | AC50: 0 | AD50: =SUM(AE50:AG50) -> 20 | AE50: 3 | AF50: 17 | AG50: 0 | AH50: =SUM(AI50:AK50) -> 44 | AI50: 3 | AJ50: 40 | AK50: 1 | AL50: =SUM(AM50:AO50) -> 51 | AM50: 7 | AN50: 40 | AO50: 4 | AP50: =SUM(AQ50:AR50) -> 24 | AQ50: =IFERROR(VLOOKUP(A50,[1]SIIMPLES!$A$2:$F$418,6,FALSE),0) -> 8 | AR50: 16 | AS50: 5 | AT50: 0 | AU50: 3 | AV50: 2 | AY50: =IFERROR(AVERAGE(I50,N50,R50,V50,Z50,AD50,AH50,AL50,AP50,AS50,AW50,AX50),"-") -> 15.7 | BA50: 4.6666667 | BB50: =IFERROR(AY50/BA50-1,"") -> 2.3642857 | BF50: =SUM(BC50:BE50) -> 0 | BG50: =IFERROR(BC50/AY50,"0") -> 0 | BH50: =IFERROR(IF(F50=1,IF(BC50<AY50*3,AY50*3-BC50,0),IF(BC50<AY50,AY50-BC50,0)),"") -> 15.7
A51: FTK00903 | B51: Não | C51: AUTOMOTIVO | D51: Pivô | E51: SPARE | F51: =IFERROR(VLOOKUP(E51,Fornecedores!$A$2:$B$2700,2,FALSE),"") -> 2 | G51: Pivô Da Bandeja Inferior Peugeot 208 2013 A 2022 | I51: =SUM(J51:M51) -> 10 | J51: 0 | K51: 10 | L51: 0 | M51: 0 | N51: =SUM(O51:Q51) -> 6 | O51: 0 | P51: 6 | Q51: 0 | R51: =SUM(S51:U51) -> 10 | S51: 0 | T51: 10 | U51: 0 | V51: 6 | W51: 0 | X51: 6 | Y51: 0 | Z51: 6 | AA51: 0 | AB51: 6 | AC51: 0 | AD51: =SUM(AE51:AG51) -> 8 | AE51: 0 | AF51: 8 | AG51: 0 | AH51: =SUM(AI51:AK51) -> 4 | AI51: 0 | AJ51: 4 | AK51: 0 | AL51: =SUM(AM51:AO51) -> 12 | AN51: 12 | AO51: 0 | AP51: =SUM(AQ51:AR51) -> 24 | AQ51: =IFERROR(VLOOKUP(A51,[1]SIIMPLES!$A$2:$F$418,6,FALSE),0) -> 0 | AR51: 24 | AS51: 4 | AT51: 0 | AU51: 4 | AV51: 0 | AY51: =IFERROR(AVERAGE(I51,N51,R51,V51,Z51,AD51,AH51,AL51,AP51,AS51,AW51,AX51),"-") -> 9 | BA51: 12.333333 | BB51: =IFERROR(AY51/BA51-1,"") -> -0.27027027 | BG51: =IFERROR(BC51/AY51,"0") -> 0 | BH51: =IFERROR(IF(F51=1,IF(BC51<AY51*3,AY51*3-BC51,0),IF(BC51<AY51,AY51-BC51,0)),"") -> 9
A52: 552011 | B52: Sim | C52: AUTOMOTIVO | D52: Bandeja | E52: SPARE | F52: =IFERROR(VLOOKUP(E52,Fornecedores!$A$2:$B$2700,2,FALSE),"") -> 2 | G52: Bandeja Esquerda Sem Pivô Citroen C3 2003 A 2012 | I52: =SUM(J52:M52) -> 18 | J52: 4 | K52: 14 | L52: 0 | M52: 0 | N52: =SUM(O52:Q52) -> 5 | O52: 2 | P52: 3 | Q52: 0 | R52: =SUM(S52:U52) -> 5 | S52: 2 | T52: 3 | U52: 0 | V52: 10 | W52: 2 | X52: 8 | Y52: 0 | Z52: 11 | AA52: 0 | AB52: 11 | AC52: 0 | AD52: =SUM(AE52:AG52) -> 7 | AE52: 1 | AF52: 6 | AG52: 0 | AH52: =SUM(AI52:AK52) -> 8 | AI52: 2 | AJ52: 6 | AK52: 0 | AL52: =SUM(AM52:AO52) -> 23 | AN52: 13 | AO52: 10 | AP52: =SUM(AQ52:AR52) -> 23 | AQ52: =IFERROR(VLOOKUP(A52,[1]SIIMPLES!$A$2:$F$418,6,FALSE),0) -> 1 | AR52: 22 | AS52: 9 | AT52: 0 | AU52: 9 | AV52: 0 | AY52: =IFERROR(AVERAGE(I52,N52,R52,V52,Z52,AD52,AH52,AL52,AP52,AS52,AW52,AX52),"-") -> 11.9 | BA52: 8.3333333 | BB52: =IFERROR(AY52/BA52-1,"") -> 0.428 | BF52: =SUM(BC52:BE52) -> 0 | BG52: =IFERROR(BC52/AY52,"0") -> 0 | BH52: =IFERROR(IF(F52=1,IF(BC52<AY52*3,AY52*3-BC52,0),IF(BC52<AY52,AY52-BC52,0)),"") -> 11.9
A53: 2280 | B53: Sim | C53: AUTOMOTIVO | D53: Bucha Eixo Suspensão | E53: LT CORREA | F53: =IFERROR(VLOOKUP(E53,Fornecedores!$A$2:$B$2700,2,FALSE),"") -> 3 | G53: Bucha Eixo Traseiro Elimina Folga Pegeout 206 207 50mm | I53: =SUM(J53:M53) -> 42 | J53: 0 | K53: 42 | L53: 0 | M53: 0 | N53: =SUM(O53:Q53) -> 18 | O53: 0 | P53: 18 | Q53: 0 | R53: =SUM(S53:U53) -> 20 | S53: 0 | T53: 20 | U53: 0 | V53: 34 | W53: 0 | X53: 34 | Y53: 0 | Z53: 50 | AA53: 2 | AB53: 48 | AC53: 0 | AD53: =SUM(AE53:AG53) -> 38 | AE53: 0 | AF53: 38 | AG53: 0 | AH53: =SUM(AI53:AK53) -> 40 | AI53: 0 | AJ53: 40 | AK53: 0 | AL53: =SUM(AM53:AO53) -> 44 | AN53: 44 | AO53: 0 | AP53: =SUM(AQ53:AR53) -> 22 | AQ53: =IFERROR(VLOOKUP(A53,[1]SIIMPLES!$A$2:$F$418,6,FALSE),0) -> 0 | AR53: 22 | AS53: 26 | AT53: 0 | AU53: 26 | AV53: 0 | AY53: =IFERROR(AVERAGE(I53,N53,R53,V53,Z53,AD53,AH53,AL53,AP53,AS53,AW53,AX53),"-") -> 33.4 | BA53: 26.333333 | BB53: =IFERROR(AY53/BA53-1,"") -> 0.26835443 | BG53: =IFERROR(BC53/AY53,"0") -> 0 | BH53: =IFERROR(IF(F53=1,IF(BC53<AY53*3,AY53*3-BC53,0),IF(BC53<AY53,AY53-BC53,0)),"") -> 33.4
A54: RT008 | C54: MOTO PEÇAS | D54: Relação Moto | E54: POLO | F54: =IFERROR(VLOOKUP(E54,Fornecedores!$A$2:$B$2700,2,FALSE),"") -> 7 | G54: KIT RELAÇÃO HONDA 160 | I54: =SUM(J54:M54) -> 0 | N54: =SUM(O54:Q54) -> 0 | R54: =SUM(S54:U54) -> 30 | S54: 0 | T54: 0 | U54: 30 | V54: 14 | W54: 0 | X54: 0 | Y54: 14 | Z54: 2 | AA54: 0 | AB54: 0 | AC54: 2 | AD54: =SUM(AE54:AG54) -> 44 | AE54: 0 | AF54: 0 | AG54: 44 | AH54: =SUM(AI54:AK54) -> 8 | AI54: 0 | AJ54: 0 | AK54: 8 | AL54: =SUM(AM54:AO54) -> 3 | AN54: 0 | AO54: 3 | AP54: =SUM(AQ54:AR54) -> 21 | AQ54: =IFERROR(VLOOKUP(A54,[1]SIIMPLES!$A$2:$F$418,6,FALSE),0) -> 21 | AR54: 0 | AS54: 9 | AT54: 4 | AU54: 0 | AV54: 5 | AY54: =IFERROR(AVERAGE(I54,N54,R54,V54,Z54,AD54,AH54,AL54,AP54,AS54,AW54,AX54),"-") -> 13.1 | BB54: =IFERROR(AY54/BA54-1,"") | BG54: =IFERROR(BC54/AY54,"0") -> 0 | BH54: =IFERROR(IF(F54=1,IF(BC54<AY54*3,AY54*3-BC54,0),IF(BC54<AY54,AY54-BC54,0)),"") -> 13.1
A55: 662047 | B55: Sim | C55: AUTOMOTIVO | D55: Bandeja | E55: SPARE | F55: =IFERROR(VLOOKUP(E55,Fornecedores!$A$2:$B$2700,2,FALSE),"") -> 2 | G55: Bandeja Dianteira Esquerda Com Pivô Sandero 2014 A 2019 | I55: =SUM(J55:M55) -> 12 | J55: 4 | K55: 8 | L55: 0 | M55: 0 | N55: =SUM(O55:Q55) -> 10 | O55: 9 | P55: 1 | Q55: 0 | R55: =SUM(S55:U55) -> 2 | S55: 1 | T55: 1 | U55: 0 | V55: 14 | W55: 8 | X55: 4 | Y55: 2 | Z55: 1 | AA55: 1 | AB55: 0 | AC55: 0 | AD55: =SUM(AE55:AG55) -> 12 | AE55: 10 | AF55: 2 | AG55: 0 | AH55: =SUM(AI55:AK55) -> 15 | AI55: 9 | AJ55: 5 | AK55: 1 | AL55: =SUM(AM55:AO55) -> 10 | AM55: 1 | AN55: 9 | AO55: 0 | AP55: =SUM(AQ55:AR55) -> 20 | AQ55: =IFERROR(VLOOKUP(A55,[1]SIIMPLES!$A$2:$F$418,6,FALSE),0) -> 2 | AR55: 18 | AS55: 20 | AT55: 7 | AU55: 13 | AV55: 0 | AY55: =IFERROR(AVERAGE(I55,N55,R55,V55,Z55,AD55,AH55,AL55,AP55,AS55,AW55,AX55),"-") -> 11.6 | BA55: 7.3333333 | BB55: =IFERROR(AY55/BA55-1,"") -> 0.58181818 | BG55: =IFERROR(BC55/AY55,"0") -> 0 | BH55: =IFERROR(IF(F55=1,IF(BC55<AY55*3,AY55*3-BC55,0),IF(BC55<AY55,AY55-BC55,0)),"") -> 11.6
A56: LT5526 | C56: AUTOMOTIVO | D56: Reparo alavanta Câmbio | E56: LT CORREA | F56: =IFERROR(VLOOKUP(E56,Fornecedores!$A$2:$B$2700,2,FALSE),"") -> 3 | G56: KIT REPARO COMPLETO ALAVANCA CÂMBIO GOL SAVEIRO POLO FOX A3 CROSSFOX SPACEFOX GOL VOYAGE | H56: - | I56: =SUM(J56:M56) -> 7 | J56: 7 | K56: 0 | L56: 0 | M56: 0 | N56: =SUM(O56:Q56) -> 3 | O56: 3 | P56: 0 | Q56: 0 | R56: =SUM(S56:U56) -> 4 | S56: 4 | T56: 0 | U56: 0 | V56: 12 | W56: 12 | X56: 0 | Y56: 0 | Z56: 17 | AA56: 17 | AB56: 0 | AC56: 0 | AD56: =SUM(AE56:AG56) -> 25 | AE56: 25 | AF56: 0 | AG56: 0 | AH56: =SUM(AI56:AK56) -> 22 | AI56: 22 | AJ56: 0 | AK56: 0 | AL56: =SUM(AM56:AO56) -> 39 | AM56: 39 | AN56: 0 | AO56: 0 | AP56: =SUM(AQ56:AR56) -> 20 | AQ56: =IFERROR(VLOOKUP(A56,[1]SIIMPLES!$A$2:$F$418,6,FALSE),0) -> 20 | AR56: 0 | AS56: 11 | AT56: 11 | AU56: 0 | AV56: 0 | AY56: =IFERROR(AVERAGE(I56,N56,R56,V56,Z56,AD56,AH56,AL56,AP56,AS56,AW56,AX56),"-") -> 16 | BA56: 2.5 | BB56: =IFERROR(AY56/BA56-1,"") -> 5.4 | BG56: =IFERROR(BC56/AY56,"0") -> 0 | BH56: =ROUND(IFERROR(IF(F56=1,IF(BC56<AY56*3,AY56*3-BC56,0),IF(BC56<AY56,AY56*0.6-BC56,0)),""),0) -> 10
A57: 2327 | B57: Sim | C57: AUTOMOTIVO | D57: Reparo alavanta Câmbio | E57: LT CORREA | F57: =IFERROR(VLOOKUP(E57,Fornecedores!$A$2:$B$2700,2,FALSE),"") -> 3 | G57: Kit Reparo Bucha Alavanca Câmbio Varão Corsa | I57: =SUM(J57:M57) -> 76 | J57: 76 | K57: 0 | L57: 0 | M57: 0 | N57: =SUM(O57:Q57) -> 30 | O57: 30 | P57: 0 | Q57: 0 | R57: =SUM(S57:U57) -> 27 | S57: 27 | T57: 0 | U57: 0 | V57: 24 | W57: 24 | X57: 0 | Y57: 0 | Z57: 28 | AA57: 28 | AB57: 0 | AC57: 0 | AD57: =SUM(AE57:AG57) -> 19 | AE57: 19 | AF57: 0 | AG57: 0 | AH57: =SUM(AI57:AK57) -> 30 | AI57: 30 | AJ57: 0 | AK57: 0 | AL57: =SUM(AM57:AO57) -> 26 | AM57: 26 | AN57: 0 | AO57: 0 | AP57: =SUM(AQ57:AR57) -> 19 | AQ57: =IFERROR(VLOOKUP(A57,[1]SIIMPLES!$A$2:$F$418,6,FALSE),0) -> 19 | AR57: 0 | AS57: 18 | AT57: 18 | AU57: 0 | AV57: 0 | AY57: =IFERROR(AVERAGE(I57,N57,R57,V57,Z57,AD57,AH57,AL57,AP57,AS57,AW57,AX57),"-") -> 29.7 | BA57: 81 | BB57: =IFERROR(AY57/BA57-1,"") -> -0.63333333
A58: 22051 | C58: AUTOMOTIVO | D58: Cabo capô | E58: importação | F58: =IFERROR(VLOOKUP(E58,Fornecedores!$A$2:$B$2700,2,FALSE),"") -> 1 | G58: CABO DE CAPÔ PEUGEOT 206 1998 EM DIANTE | I58: =SUM(J58:M58) -> 12 | J58: 12 | K58: 0 | L58: 0 | M58: 0 | N58: =SUM(O58:Q58) -> 8 | O58: 8 | P58: 0 | Q58: 0 | R58: =SUM(S58:U58) -> 8 | S58: 8 | T58: 0 | U58: 0 | V58: 13 | W58: 13 | X58: 0 | Y58: 0 | Z58: 19 | AA58: 19 | AB58: 0 | AC58: 0 | AD58: =SUM(AE58:AG58) -> 16 | AE58: 16 | AF58: 0 | AG58: 0 | AH58: =SUM(AI58:AK58) -> 21 | AI58: 21 | AJ58: 0 | AK58: 0 | AL58: =SUM(AM58:AO58) -> 18 | AM58: 18 | AN58: 0 | AO58: 0 | AP58: =SUM(AQ58:AR58) -> 19 | AQ58: =IFERROR(VLOOKUP(A58,[1]SIIMPLES!$A$2:$F$418,6,FALSE),0) -> 19 | AR58: 0 | AS58: 3 | AT58: 3 | AU58: 0 | AV58: 0 | AY58: =IFERROR(AVERAGE(I58,N58,R58,V58,Z58,AD58,AH58,AL58,AP58,AS58,AW58,AX58),"-") -> 13.7 | BA58: 5 | BB58: =IFERROR(AY58/BA58-1,"") -> 1.74 | BG58: =IFERROR(BC58/AY58,"0") -> 0 | BH58: =ROUND(IFERROR(IF(F58=1,IF(BC58<AY58*3,AY58*3-BC58,0),IF(BC58<AY58,AY58*0.6-BC58,0)),""),0) -> 41
A59: 112074 | B59: Sim | C59: AUTOMOTIVO | D59: Bandeja | E59: SPARE | F59: =IFERROR(VLOOKUP(E59,Fornecedores!$A$2:$B$2700,2,FALSE),"") -> 2 | G59: Bandeja Direita Com Pivô Palio Weekend Adventure2005 A 2008 | I59: =SUM(J59:M59) -> 5 | J59: 0 | K59: 5 | L59: 0 | M59: 0 | N59: =SUM(O59:Q59) -> 6 | O59: 0 | P59: 6 | Q59: 0 | R59: =SUM(S59:U59) -> 3 | S59: 0 | T59: 3 | U59: 0 | V59: 12 | W59: 0 | X59: 12 | Y59: 0 | Z59: 5 | AA59: 0 | AB59: 5 | AC59: 0 | AD59: =SUM(AE59:AG59) -> 10 | AE59: 0 | AF59: 10 | AG59: 0 | AH59: =SUM(AI59:AK59) -> 17 | AI59: 5 | AJ59: 12 | AK59: 0 | AL59: =SUM(AM59:AO59) -> 25 | AM59: 3 | AN59: 22 | AO59: 0 | AP59: =SUM(AQ59:AR59) -> 19 | AQ59: =IFERROR(VLOOKUP(A59,[1]SIIMPLES!$A$2:$F$418,6,FALSE),0) -> 2 | AR59: 17 | AS59: 14 | AT59: 2 | AU59: 11 | AV59: 1 | AY59: =IFERROR(AVERAGE(I59,N59,R59,V59,Z59,AD59,AH59,AL59,AP59,AS59,AW59,AX59),"-") -> 11.6 | BA59: 0.16666667 | BB59: =IFERROR(AY59/BA59-1,"") -> 68.6 | BG59: =IFERROR(BC59/AY59,"0") -> 0 | BH59: =ROUND(IFERROR(IF(F59=1,IF(BC59<AY59*3,AY59*3-BC59,0),IF(BC59<AY59,AY59*0.6-BC59,0)),""),0) -> 7
A60: 29014 | B60: Sim | C60: AUTOMOTIVO | D60: Pino de Freio | E60: MultiKit | F60: =IFERROR(VLOOKUP(E60,Fornecedores!$A$2:$B$2700,2,FALSE),"") -> 4 | G60: Kit Pino Guia Pinça Freio Logan 2008 A 2013 | I60: =SUM(J60:M60) -> 25 | J60: 16 | K60: 8 | L60: 0 | M60: 1 | N60: =SUM(O60:Q60) -> 22 | O60: 8 | P60: 14 | Q60: 0 | R60: =SUM(S60:U60) -> 19 | S60: 4 | T60: 12 | U60: 3 | V60: 15 | W60: 7 | X60: 8 | Y60: 0 | Z60: 35 | AA60: 11 | AB60: 24 | AC60: 0 | AD60: =SUM(AE60:AG60) -> 19 | AE60: 1 | AF60: 18 | AG60: 0 | AH60: =SUM(AI60:AK60) -> 24 | AI60: 8 | AJ60: 16 | AK60: 0 | AL60: =SUM(AM60:AO60) -> 14 | AM60: 4 | AN60: 10 | AO60: 0 | AP60: =SUM(AQ60:AR60) -> 18 | AQ60: =IFERROR(VLOOKUP(A60,[1]SIIMPLES!$A$2:$F$418,6,FALSE),0) -> 6 | AR60: 12 | AS60: 23 | AT60: 7 | AU60: 16 | AV60: 0 | AY60: =IFERROR(AVERAGE(I60,N60,R60,V60,Z60,AD60,AH60,AL60,AP60,AS60,AW60,AX60),"-") -> 21.4 | BA60: 25.833333 | BB60: =IFERROR(AY60/BA60-1,"") -> -0.1716129 | BG60: =IFERROR(BC60/AY60,"0") -> 0
A61: 772103 | B61: Sim | C61: AUTOMOTIVO | D61: Bandeja | E61: SPARE | F61: =IFERROR(VLOOKUP(E61,Fornecedores!$A$2:$B$2700,2,FALSE),"") -> 2 | G61: Bandeja Com Pivô Lado Direito March 2011 Em Diante | I61: =SUM(J61:M61) -> 1 | J61: 1 | K61: 0 | L61: 0 | M61: 0 | N61: =SUM(O61:Q61) -> 1 | O61: 1 | P61: 0 | Q61: 0 | R61: =SUM(S61:U61) -> 3 | S61: 1 | T61: 0 | U61: 2 | V61: 4 | W61: 1 | X61: 3 | Y61: 0 | Z61: 6 | AA61: 0 | AB61: 6 | AC61: 0 | AD61: =SUM(AE61:AG61) -> 18 | AE61: 1 | AF61: 17 | AG61: 0 | AH61: =SUM(AI61:AK61) -> 45 | AI61: 4 | AJ61: 40 | AK61: 1 | AL61: =SUM(AM61:AO61) -> 53 | AM61: 9 | AN61: 40 | AO61: 4 | AP61: =SUM(AQ61:AR61) -> 18 | AQ61: =IFERROR(VLOOKUP(A61,[1]SIIMPLES!$A$2:$F$418,6,FALSE),0) -> 2 | AR61: 16 | AS61: 10 | AT61: 4 | AU61: 3 | AV61: 3 | AY61: =IFERROR(AVERAGE(I61,N61,R61,V61,Z61,AD61,AH61,AL61,AP61,AS61,AW61,AX61),"-") -> 15.9 | BA61: 4.5 | BB61: =IFERROR(AY61/BA61-1,"") -> 2.5333333
A62: 112075 | B62: Sim | C62: AUTOMOTIVO | D62: Bandeja | E62: SPARE | F62: =IFERROR(VLOOKUP(E62,Fornecedores!$A$2:$B$2700,2,FALSE),"") -> 2 | G62: Bandeja Esquerda Com Pivô Palio Weekend Adventure Locker | I62: =SUM(J62:M62) -> 5 | J62: 0 | K62: 5 | L62: 0 | M62: 0 | N62: =SUM(O62:Q62) -> 6 | O62: 0 | P62: 6 | Q62: 0 | R62: =SUM(S62:U62) -> 3 | S62: 0 | T62: 3 | U62: 0 | V62: 12 | W62: 0 | X62: 12 | Y62: 0 | Z62: 5 | AA62: 0 | AB62: 5 | AC62: 0 | AD62: =SUM(AE62:AG62) -> 10 | AE62: 0 | AF62: 10 | AG62: 0 | AH62: =SUM(AI62:AK62) -> 13 | AI62: 1 | AJ62: 12 | AK62: 0 | AL62: =SUM(AM62:AO62) -> 22 | AN62: 22 | AO62: 0 | AP62: =SUM(AQ62:AR62) -> 17 | AQ62: =IFERROR(VLOOKUP(A62,[1]SIIMPLES!$A$2:$F$418,6,FALSE),0) -> 0 | AR62: 17 | AS62: 12 | AT62: 1 | AU62: 11 | AV62: 0 | AY62: =IFERROR(AVERAGE(I62,N62,R62,V62,Z62,AD62,AH62,AL62,AP62,AS62,AW62,AX62),"-") -> 10.5 | BA62: 0 | BB62: =IFERROR(AY62/BA62-1,"") | BF62: =SUM(BC62:BE62) -> 0 | BG62: =IFERROR(BC62/AY62,"0") -> 0 | BH62: =IFERROR(IF(F62=1,IF(BC62<AY62*3,AY62*3-BC62,0),IF(BC62<AY62,AY62-BC62,0)),"") -> 10.5
A63: 552031 | B63: Sim | C63: AUTOMOTIVO | D63: Bandeja | E63: SPARE | F63: =IFERROR(VLOOKUP(E63,Fornecedores!$A$2:$B$2700,2,FALSE),"") -> 2 | G63: Bandeja Inferior Direito Berlingo 1999 Em Diante | I63: =SUM(J63:M63) -> 15 | J63: 4 | K63: 11 | L63: 0 | M63: 0 | N63: =SUM(O63:Q63) -> 5 | O63: 2 | P63: 3 | Q63: 0 | R63: =SUM(S63:U63) -> 4 | S63: 1 | T63: 3 | U63: 0 | V63: 6 | W63: 1 | X63: 5 | Y63: 0 | Z63: 7 | AA63: 2 | AB63: 5 | AC63: 0 | AD63: =SUM(AE63:AG63) -> 7 | AE63: 3 | AF63: 3 | AG63: 1 | AH63: =SUM(AI63:AK63) -> 9 | AI63: 3 | AJ63: 6 | AK63: 0 | AL63: =SUM(AM63:AO63) -> 6 | AM63: 1 | AN63: 5 | AO63: 0 | AP63: =SUM(AQ63:AR63) -> 17 | AQ63: =IFERROR(VLOOKUP(A63,[1]SIIMPLES!$A$2:$F$418,6,FALSE),0) -> 6 | AR63: 11 | AS63: 22 | AT63: 22 | AU63: 0 | AV63: 0 | AY63: =IFERROR(AVERAGE(I63,N63,R63,V63,Z63,AD63,AH63,AL63,AP63,AS63,AW63,AX63),"-") -> 9.8 | BA63: 21.333333 | BB63: =IFERROR(AY63/BA63-1,"") -> -0.540625 | BG63: =IFERROR(BC63/AY63,"0") -> 0 | BH63: =IFERROR(IF(F63=1,IF(BC63<AY63*3,AY63*3-BC63,0),IF(BC63<AY63,AY63-BC63,0)),"") -> 9.8
A64: 225051 | B64: Sim | C64: AUTOMOTIVO | D64: Cabo Câmbio | E64: Importação | F64: =IFERROR(VLOOKUP(E64,Fornecedores!$A$2:$B$2700,2,FALSE),"") -> 1 | G64: Cabo De Marcha Hyundai Hr 2005 A 2012 | I64: =SUM(J64:M64) -> 19 | J64: 19 | K64: 0 | L64: 0 | M64: 0 | N64: =SUM(O64:Q64) -> 12 | O64: 12 | P64: 0 | Q64: 0 | R64: =SUM(S64:U64) -> 16 | S64: 16 | T64: 0 | U64: 0 | V64: 17 | W64: 17 | X64: 0 | Y64: 0 | Z64: 2 | AA64: 2 | AB64: 0 | AC64: 0 | AD64: =SUM(AE64:AG64) -> 11 | AE64: 11 | AF64: 0 | AG64: 0 | AH64: =SUM(AI64:AK64) -> 16 | AI64: 16 | AJ64: 0 | AK64: 0 | AL64: =SUM(AM64:AO64) -> 25 | AM64: 25 | AN64: 0 | AO64: 0 | AP64: =SUM(AQ64:AR64) -> 17 | AQ64: =IFERROR(VLOOKUP(A64,[1]SIIMPLES!$A$2:$F$418,6,FALSE),0) -> 17 | AR64: 0 | AS64: 1 | AT64: 1 | AU64: 0 | AV64: 0 | AY64: =IFERROR(AVERAGE(I64,N64,R64,V64,Z64,AD64,AH64,AL64,AP64,AS64,AW64,AX64),"-") -> 13.6 | BA64: 25.333333 | BB64: =IFERROR(AY64/BA64-1,"") -> -0.46315789 | BG64: =IFERROR(BC64/AY64,"0") -> 0 | BH64: =ROUND(IFERROR(IF(F64=1,IF(BC64<AY64*3,AY64*3-BC64,0),IF(BC64<AY64,AY64*0.6-BC64,0)),""),0) -> 41
A65: 2210 | B65: Sim | C65: AUTOMOTIVO | D65: Haste Câmbio | E65: LT CORREA | F65: =IFERROR(VLOOKUP(E65,Fornecedores!$A$2:$B$2700,2,FALSE),"") -> 3 | G65: Haste Bieleta Do Câmbio Peugeot 206 207 1.4 .16 161mm Curta | I65: =SUM(J65:M65) -> 44 | J65: 10 | K65: 34 | L65: 0 | M65: 0 | N65: =SUM(O65:Q65) -> 22 | O65: 0 | P65: 22 | Q65: 0 | R65: =SUM(S65:U65) -> 24 | S65: 0 | T65: 24 | U65: 0 | V65: 18 | W65: 0 | X65: 18 | Y65: 0 | Z65: 46 | AA65: 0 | AB65: 46 | AC65: 0 | AD65: =SUM(AE65:AG65) -> 36 | AE65: 0 | AF65: 36 | AG65: 0 | AH65: =SUM(AI65:AK65) -> 50 | AI65: 0 | AJ65: 50 | AK65: 0 | AL65: =SUM(AM65:AO65) -> 46 | AN65: 46 | AO65: 0 | AP65: =SUM(AQ65:AR65) -> 16 | AQ65: =IFERROR(VLOOKUP(A65,[1]SIIMPLES!$A$2:$F$418,6,FALSE),0) -> 2 | AR65: 14 | AS65: 20 | AT65: 0 | AU65: 20 | AV65: 0 | AY65: =IFERROR(AVERAGE(I65,N65,R65,V65,Z65,AD65,AH65,AL65,AP65,AS65,AW65,AX65),"-") -> 32.2 | BA65: 96 | BB65: =IFERROR(AY65/BA65-1,"") -> -0.66458333 | BG65: =IFERROR(BC65/AY65,"0") -> 0 | BH65: =IFERROR(IF(F65=1,IF(BC65<AY65*3,AY65*3-BC65,0),IF(BC65<AY65,AY65-BC65,0)),"") -> 32.2
A66: 27020 | B66: Sim | C66: AUTOMOTIVO | D66: Pino de Freio | E66: MultiKit | F66: =IFERROR(VLOOKUP(E66,Fornecedores!$A$2:$B$2700,2,FALSE),"") -> 4 | G66: Reparo Pino Guia Pinça De Freio Dianteiro Corolla 2003a2008 | I66: =SUM(J66:M66) -> 30 | J66: 6 | K66: 24 | L66: 0 | M66: 0 | N66: =SUM(O66:Q66) -> 22 | O66: 0 | P66: 22 | Q66: 0 | R66: =SUM(S66:U66) -> 3 | S66: 1 | T66: 2 | U66: 0 | V66: 10 | W66: 0 | X66: 10 | Y66: 0 | Z66: 11 | AA66: 3 | AB66: 8 | AC66: 0 | AD66: =SUM(AE66:AG66) -> 2 | AE66: 0 | AF66: 2 | AG66: 0 | AH66: =SUM(AI66:AK66) -> 10 | AI66: 0 | AJ66: 10 | AK66: 0 | AL66: =SUM(AM66:AO66) -> 6 | AN66: 6 | AO66: 0 | AP66: =SUM(AQ66:AR66) -> 16 | AQ66: =IFERROR(VLOOKUP(A66,[1]SIIMPLES!$A$2:$F$418,6,FALSE),0) -> 0 | AR66: 16 | AS66: 20 | AT66: 0 | AU66: 20 | AV66: 0 | AY66: =IFERROR(AVERAGE(I66,N66,R66,V66,Z66,AD66,AH66,AL66,AP66,AS66,AW66,AX66),"-") -> 13 | BA66: 44.833333 | BB66: =IFERROR(AY66/BA66-1,"") -> -0.71003717 | BF66: =SUM(BC66:BE66) -> 0 | BG66: =IFERROR(BC66/AY66,"0") -> 0 | BH66: =IFERROR(IF(F66=1,IF(BC66<AY66*3,AY66*3-BC66,0),IF(BC66<AY66,AY66-BC66,0)),"") -> 13
A67: 66611 | C67: AUTOMOTIVO | D67: Cabo Câmbio | E67: Importação | F67: =IFERROR(VLOOKUP(E67,Fornecedores!$A$2:$B$2700,2,FALSE),"") -> 1 | G67: Cabo De Seleção Siena 1.5 1.6 1998 A 2001 | I67: =SUM(J67:M67) -> 3 | J67: 1 | K67: 2 | L67: 0 | M67: 0 | N67: =SUM(O67:Q67) -> 7 | O67: 0 | P67: 7 | Q67: 0 | R67: =SUM(S67:U67) -> 14 | S67: 0 | T67: 14 | U67: 0 | V67: 30 | W67: 1 | X67: 29 | Y67: 0 | Z67: 11 | AA67: 1 | AB67: 10 | AC67: 0 | AD67: =SUM(AE67:AG67) -> 2 | AE67: 0 | AF67: 2 | AG67: 0 | AH67: =SUM(AI67:AK67) -> 3 | AI67: 0 | AJ67: 3 | AK67: 0 | AL67: =SUM(AM67:AO67) -> 13 | AN67: 13 | AO67: 0 | AP67: =SUM(AQ67:AR67) -> 16 | AQ67: =IFERROR(VLOOKUP(A67,[1]SIIMPLES!$A$2:$F$418,6,FALSE),0) -> 5 | AR67: 11 | AS67: 25 | AT67: 14 | AU67: 11 | AV67: 0 | AY67: =IFERROR(AVERAGE(I67,N67,R67,V67,Z67,AD67,AH67,AL67,AP67,AS67,AW67,AX67),"-") -> 12.4 | BA67: 5.6666667 | BB67: =IFERROR(AY67/BA67-1,"") -> 1.1882353 | BG67: =IFERROR(BC67/AY67,"0") -> 0 | BH67: =IFERROR(IF(F67=1,IF(BC67<AY67*3,AY67*3-BC67,0),IF(BC67<AY67,AY67-BC67,0)),"") -> 37.2
A68: 662052 | B68: Sim | C68: AUTOMOTIVO | D68: Bandeja | E68: SPARE | F68: =IFERROR(VLOOKUP(E68,Fornecedores!$A$2:$B$2700,2,FALSE),"") -> 2 | G68: Bandeja Com Pivô Direita Sandero 2006 Em Diante | I68: =SUM(J68:M68) -> 18 | J68: 12 | K68: 6 | L68: 0 | M68: 0 | N68: =SUM(O68:Q68) -> 24 | O68: 13 | P68: 11 | Q68: 0 | R68: =SUM(S68:U68) -> 41 | S68: 18 | T68: 21 | U68: 2 | V68: 35 | W68: 23 | X68: 12 | Y68: 0 | Z68: 12 | AA68: 8 | AB68: 4 | AC68: 0 | AD68: =SUM(AE68:AG68) -> 26 | AE68: 17 | AF68: 9 | AG68: 0 | AH68: =SUM(AI68:AK68) -> 23 | AI68: 15 | AJ68: 8 | AK68: 0 | AL68: =SUM(AM68:AO68) -> 22 | AM68: 17 | AN68: 5 | AO68: 0 | AP68: =SUM(AQ68:AR68) -> 16 | AQ68: =IFERROR(VLOOKUP(A68,[1]SIIMPLES!$A$2:$F$418,6,FALSE),0) -> 13 | AR68: 3 | AS68: 11 | AT68: 0 | AU68: 6 | AV68: 5 | AY68: =IFERROR(AVERAGE(I68,N68,R68,V68,Z68,AD68,AH68,AL68,AP68,AS68,AW68,AX68),"-") -> 22.8 | BA68: 24.833333 | BB68: =IFERROR(AY68/BA68-1,"") -> -0.081879195 | BF68: =SUM(BC68:BE68) -> 0 | BG68: =IFERROR(BC68/AY68,"0") -> 0 | BH68: =ROUND(IFERROR(IF(F68=1,IF(BC68<AY68*3,AY68*3-BC68,0),IF(BC68<AY68,AY68*0.6-BC68,0)),""),0) -> 14
A69: 112058 | C69: AUTOMOTIVO | D69: Bandeja | E69: SPARE | F69: =IFERROR(VLOOKUP(E69,Fornecedores!$A$2:$B$2700,2,FALSE),"") -> 2 | G69: Bandeja Com Pivô Direita Fiorino 2014 Em Diante | I69: =SUM(J69:M69) -> 12 | J69: 1 | K69: 7 | L69: 0 | M69: 4 | N69: =SUM(O69:Q69) -> 7 | O69: 0 | P69: 7 | Q69: 0 | R69: =SUM(S69:U69) -> 7 | S69: 0 | T69: 6 | U69: 1 | V69: 13 | W69: 1 | X69: 12 | Y69: 0 | Z69: 0 | AA69: 0 | AB69: 0 | AC69: 0 | AD69: =SUM(AE69:AG69) -> 1 | AE69: 0 | AF69: 1 | AG69: 0 | AH69: =SUM(AI69:AK69) -> 4 | AI69: 0 | AJ69: 4 | AK69: 0 | AL69: =SUM(AM69:AO69) -> 11 | AN69: 11 | AO69: 0 | AP69: =SUM(AQ69:AR69) -> 16 | AQ69: =IFERROR(VLOOKUP(A69,[1]SIIMPLES!$A$2:$F$418,6,FALSE),0) -> 8 | AR69: 8 | AS69: 6 | AT69: 0 | AU69: 3 | AV69: 3 | AY69: =IFERROR(AVERAGE(I69,N69,R69,V69,Z69,AD69,AH69,AL69,AP69,AS69,AW69,AX69),"-") -> 7.7 | BA69: 1 | BB69: =IFERROR(AY69/BA69-1,"") -> 6.7 | BG69: =IFERROR(BC69/AY69,"0") -> 0 | BH69: =IFERROR(IF(F69=1,IF(BC69<AY69*3,AY69*3-BC69,0),IF(BC69<AY69,AY69-BC69,0)),"") -> 7.7
A70: 112059 | C70: AUTOMOTIVO | D70: Bandeja | E70: SPARE | F70: =IFERROR(VLOOKUP(E70,Fornecedores!$A$2:$B$2700,2,FALSE),"") -> 2 | G70: Bandeja Inferior Esquerda Com Pivô Fiorino 2014 | I70: =SUM(J70:M70) -> 11 | J70: 0 | K70: 7 | L70: 0 | M70: 4 | N70: =SUM(O70:Q70) -> 7 | O70: 0 | P70: 7 | Q70: 0 | R70: =SUM(S70:U70) -> 6 | S70: 0 | T70: 6 | U70: 0 | V70: 12 | W70: 0 | X70: 12 | Y70: 0 | Z70: 0 | AA70: 0 | AB70: 0 | AC70: 0 | AD70: =SUM(AE70:AG70) -> 1 | AE70: 0 | AF70: 1 | AG70: 0 | AH70: =SUM(AI70:AK70) -> 4 | AI70: 0 | AJ70: 4 | AK70: 0 | AL70: =SUM(AM70:AO70) -> 11 | AN70: 11 | AO70: 0 | AP70: =SUM(AQ70:AR70) -> 16 | AQ70: =IFERROR(VLOOKUP(A70,[1]SIIMPLES!$A$2:$F$418,6,FALSE),0) -> 8 | AR70: 8 | AS70: 6 | AT70: 0 | AU70: 3 | AV70: 3 | AY70: =IFERROR(AVERAGE(I70,N70,R70,V70,Z70,AD70,AH70,AL70,AP70,AS70,AW70,AX70),"-") -> 7.4 | BA70: 1 | BB70: =IFERROR(AY70/BA70-1,"") -> 6.4 | BF70: =SUM(BC70:BE70) -> 0 | BG70: =IFERROR(BC70/AY70,"0") -> 0 | BH70: =IFERROR(IF(F70=1,IF(BC70<AY70*3,AY70*3-BC70,0),IF(BC70<AY70,AY70-BC70,0)),"") -> 7.4
A71: FTK44005-AMW | C71: AUTOMOTIVO | D71: Bucha Bandeja | E71: AMW | F71: =IFERROR(VLOOKUP(E71,Fornecedores!$A$2:$B$2700,2,FALSE),"") -> 9 | G71: BUCHA DA BANDEJA SUSPENSÃO TRASEIRA UNO MILLE 1991 A 2013 NÃO EXPORTAR | I71: =SUM(J71:M71) -> 16 | J71: 0 | K71: 16 | L71: 0 | M71: 0 | N71: =SUM(O71:Q71) -> 8 | O71: 0 | P71: 8 | Q71: 0 | R71: =SUM(S71:U71) -> 40 | S71: 0 | T71: 40 | U71: 0 | V71: 8 | W71: 0 | X71: 8 | Y71: 0 | Z71: 0 | AA71: 0 | AB71: 0 | AC71: 0 | AD71: =SUM(AE71:AG71) -> 40 | AE71: 0 | AF71: 40 | AG71: 0 | AH71: =SUM(AI71:AK71) -> 40 | AI71: 0 | AJ71: 40 | AK71: 0 | AL71: =SUM(AM71:AO71) -> 64 | AN71: 64 | AO71: 0 | AP71: =SUM(AQ71:AR71) -> 16 | AQ71: =IFERROR(VLOOKUP(A71,[1]SIIMPLES!$A$2:$F$418,6,FALSE),0) -> 0 | AR71: 16 | AS71: 60 | AT71: 4 | AU71: 56 | AV71: 0 | AY71: =IFERROR(AVERAGE(I71,N71,R71,V71,Z71,AD71,AH71,AL71,AP71,AS71,AW71,AX71),"-") -> 29.2 | BA71: 6.4 | BB71: =IFERROR(AY71/BA71-1,"") -> 3.5625 | BF71: =SUM(BC71:BE71) -> 0 | BG71: =IFERROR(BC71/AY71,"0") -> 0 | BH71: =IFERROR(IF(F71=1,IF(BC71<AY71*3,AY71*3-BC71,0),IF(BC71<AY71,AY71-BC71,0)),"") -> 29.2
A72: 66610 | B72: Sim | C72: AUTOMOTIVO | D72: Cabo Câmbio | E72: Importação | F72: =IFERROR(VLOOKUP(E72,Fornecedores!$A$2:$B$2700,2,FALSE),"") -> 1 | G72: Cabo De Câmbio Engate Strada 1.5 1.6 1999 A 2002 | I72: =SUM(J72:M72) -> 13 | J72: 6 | K72: 2 | L72: 5 | M72: 0 | N72: =SUM(O72:Q72) -> 7 | O72: 0 | P72: 7 | Q72: 0 | R72: =SUM(S72:U72) -> 20 | S72: 6 | T72: 14 | U72: 0 | V72: 33 | W72: 4 | X72: 29 | Y72: 0 | Z72: 10 | AA72: 0 | AB72: 10 | AC72: 0 | AD72: =SUM(AE72:AG72) -> 2 | AE72: 0 | AF72: 2 | AG72: 0 | AH72: =SUM(AI72:AK72) -> 11 | AI72: 2 | AJ72: 3 | AK72: 6 | AL72: =SUM(AM72:AO72) -> 15 | AM72: 2 | AN72: 13 | AO72: 0 | AP72: =SUM(AQ72:AR72) -> 14 | AQ72: =IFERROR(VLOOKUP(A72,[1]SIIMPLES!$A$2:$F$418,6,FALSE),0) -> 3 | AR72: 11 | AS72: 21 | AT72: 10 | AU72: 11 | AV72: 0 | AY72: =IFERROR(AVERAGE(I72,N72,R72,V72,Z72,AD72,AH72,AL72,AP72,AS72,AW72,AX72),"-") -> 14.6 | BA72: 9.1666667 | BB72: =IFERROR(AY72/BA72-1,"") -> 0.59272727 | BG72: =IFERROR(BC72/AY72,"0") -> 0 | BH72: =IFERROR(IF(F72=1,IF(BC72<AY72*3,AY72*3-BC72,0),IF(BC72<AY72,AY72-BC72,0)),"") -> 43.8
A73: 70541 | B73: Sim | C73: AUTOMOTIVO | D73: Reparo alavanta Câmbio | E73: BRK | F73: =IFERROR(VLOOKUP(E73,Fornecedores!$A$2:$B$2700,2,FALSE),"") -> 8 | G73: Kit Reparo Alavanca Câmbio Del Rey Motor Ap 1990 À 1997 | I73: =SUM(J73:M73) -> 22 | J73: 4 | K73: 17 | L73: 0 | M73: 1 | N73: =SUM(O73:Q73) -> 13 | O73: 3 | P73: 10 | Q73: 0 | R73: =SUM(S73:U73) -> 9 | S73: 4 | T73: 5 | U73: 0 | V73: 16 | W73: 2 | X73: 14 | Y73: 0 | Z73: 14 | AA73: 4 | AB73: 10 | AC73: 0 | AD73: =SUM(AE73:AG73) -> 29 | AE73: 6 | AF73: 23 | AG73: 0 | AH73: =SUM(AI73:AK73) -> 28 | AI73: 3 | AJ73: 25 | AK73: 0 | AL73: =SUM(AM73:AO73) -> 26 | AM73: 6 | AN73: 20 | AO73: 0 | AP73: =SUM(AQ73:AR73) -> 14 | AQ73: =IFERROR(VLOOKUP(A73,[1]SIIMPLES!$A$2:$F$418,6,FALSE),0) -> 2 | AR73: 12 | AS73: 42 | AT73: 11 | AU73: 31 | AV73: 0 | AY73: =IFERROR(AVERAGE(I73,N73,R73,V73,Z73,AD73,AH73,AL73,AP73,AS73,AW73,AX73),"-") -> 21.3 | BA73: 19.5 | BB73: =IFERROR(AY73/BA73-1,"") -> 0.092307692 | BG73: =IFERROR(BC73/AY73,"0") -> 0 | BH73: =IFERROR(IF(F73=1,IF(BC73<AY73*3,AY73*3-BC73,0),IF(BC73<AY73,AY73-BC73,0)),"") -> 21.3
A74: 4023 | C74: AUTOMOTIVO | D74: Capa Pedal | E74: HOLYMAN | F74: =IFERROR(VLOOKUP(E74,Fornecedores!$A$2:$B$2700,2,FALSE),"") -> 5 | G74: Capa De Pedal Freio Embreagem Sprinter 310 312 412 311 313 | I74: =SUM(J74:M74) -> 2 | J74: 2 | K74: 0 | L74: 0 | M74: 0 | N74: =SUM(O74:Q74) -> 2 | O74: 2 | P74: 0 | Q74: 0 | R74: =SUM(S74:U74) -> 10 | S74: 10 | T74: 0 | U74: 0 | V74: 2 | W74: 2 | X74: 0 | Y74: 0 | Z74: 7 | AA74: 7 | AB74: 0 | AC74: 0 | AD74: =SUM(AE74:AG74) -> 16 | AE74: 16 | AF74: 0 | AG74: 0 | AH74: =SUM(AI74:AK74) -> 13 | AI74: 13 | AJ74: 0 | AK74: 0 | AL74: =SUM(AM74:AO74) -> 20 | AM74: 20 | AN74: 0 | AO74: 0 | AP74: =SUM(AQ74:AR74) -> 13 | AQ74: =IFERROR(VLOOKUP(A74,[1]SIIMPLES!$A$2:$F$418,6,FALSE),0) -> 13 | AR74: 0 | AS74: 1 | AT74: 1 | AU74: 0 | AV74: 0 | AY74: =IFERROR(AVERAGE(I74,N74,R74,V74,Z74,AD74,AH74,AL74,AP74,AS74,AW74,AX74),"-") -> 8.6 | BA74: 0.66666667 | BB74: =IFERROR(AY74/BA74-1,"") -> 11.9 | BG74: =IFERROR(BC74/AY74,"0") -> 0 | BH74: =IFERROR(IF(F74=1,IF(BC74<AY74*3,AY74*3-BC74,0),IF(BC74<AY74,AY74-BC74,0)),"") -> 8.6
A75: 26056 | B75: Sim | C75: AUTOMOTIVO | D75: Pino de Freio | E75: MultiKit | F75: =IFERROR(VLOOKUP(E75,Fornecedores!$A$2:$B$2700,2,FALSE),"") -> 4 | G75: Kit Pino Guia Pinça Freio Pajero Tr4 2003 Em Diante | I75: =SUM(J75:M75) -> 13 | J75: 7 | K75: 6 | L75: 0 | M75: 0 | N75: =SUM(O75:Q75) -> 10 | O75: 6 | P75: 4 | Q75: 0 | R75: =SUM(S75:U75) -> 13 | S75: 1 | T75: 12 | U75: 0 | V75: 17 | W75: 9 | X75: 8 | Y75: 0 | Z75: 16 | AA75: 0 | AB75: 16 | AC75: 0 | AD75: =SUM(AE75:AG75) -> 11 | AE75: 3 | AF75: 8 | AG75: 0 | AH75: =SUM(AI75:AK75) -> 21 | AI75: 1 | AJ75: 20 | AK75: 0 | AL75: =SUM(AM75:AO75) -> 11 | AM75: 1 | AN75: 10 | AO75: 0 | AP75: =SUM(AQ75:AR75) -> 13 | AQ75: =IFERROR(VLOOKUP(A75,[1]SIIMPLES!$A$2:$F$418,6,FALSE),0) -> 1 | AR75: 12 | AS75: 18 | AT75: 12 | AU75: 6 | AV75: 0 | AY75: =IFERROR(AVERAGE(I75,N75,R75,V75,Z75,AD75,AH75,AL75,AP75,AS75,AW75,AX75),"-") -> 14.3 | BA75: 11.5 | BB75: =IFERROR(AY75/BA75-1,"") -> 0.24347826 | BG75: =IFERROR(BC75/AY75,"0") -> 0 | BH75: =IFERROR(IF(F75=1,IF(BC75<AY75*3,AY75*3-BC75,0),IF(BC75<AY75,AY75-BC75,0)),"") -> 14.3
A76: 77365 | C76: AUTOMOTIVO | D76: Cabo Câmbio | E76: Importação | F76: =IFERROR(VLOOKUP(E76,Fornecedores!$A$2:$B$2700,2,FALSE),"") -> 1 | G76: Cabo Do Trambulador Onix 2012 A 2014 | I76: =SUM(J76:M76) -> 61 | J76: 1 | K76: 0 | L76: 60 | M76: 0 | N76: =SUM(O76:Q76) -> 10 | O76: 0 | P76: 0 | Q76: 10 | R76: =SUM(S76:U76) -> 55 | S76: 2 | T76: 0 | U76: 53 | V76: 18 | W76: 3 | X76: 0 | Y76: 15 | Z76: 1 | AA76: 1 | AB76: 0 | AC76: 0 | AD76: =SUM(AE76:AG76) -> 0 | AE76: 0 | AF76: 0 | AG76: 0 | AH76: =SUM(AI76:AK76) -> 1 | AI76: 1 | AJ76: 0 | AK76: 0 | AL76: =SUM(AM76:AO76) -> 15 | AM76: 3 | AN76: 0 | AO76: 12 | AP76: =SUM(AQ76:AR76) -> 13 | AQ76: =IFERROR(VLOOKUP(A76,[1]SIIMPLES!$A$2:$F$418,6,FALSE),0) -> 13 | AR76: 0 | AS76: 2 | AT76: 2 | AU76: 0 | AV76: 0 | AY76: =IFERROR(AVERAGE(I76,N76,R76,V76,Z76,AD76,AH76,AL76,AP76,AS76,AW76,AX76),"-") -> 17.6 | BA76: 6.3333333 | BB76: =IFERROR(AY76/BA76-1,"") -> 1.7789474 | BF76: =SUM(BC76:BE76) -> 0 | BG76: =IFERROR(BC76/AY76,"0") -> 0 | BH76: =IFERROR(IF(F76=1,IF(BC76<AY76*3,AY76*3-BC76,0),IF(BC76<AY76,AY76-BC76,0)),"") -> 52.8
A77: 110907 | B77: Sim | C77: AUTOMOTIVO | D77: Cabo câmbio | E77: Importação | F77: =IFERROR(VLOOKUP(E77,Fornecedores!$A$2:$B$2700,2,FALSE),"") -> 1 | G77: Cabo De Câmbio Mercedes Benz 1720 2765mm | I77: =SUM(J77:M77) -> 38 | J77: 3 | K77: 0 | L77: 35 | M77: 0 | N77: =SUM(O77:Q77) -> 13 | O77: 6 | P77: 0 | Q77: 7 | R77: =SUM(S77:U77) -> 7 | S77: 7 | T77: 0 | U77: 0 | V77: 4 | W77: 4 | X77: 0 | Y77: 0 | Z77: 2 | AA77: 2 | AB77: 0 | AC77: 0 | AD77: =SUM(AE77:AG77) -> 15 | AE77: 3 | AF77: 0 | AG77: 12 | AH77: =SUM(AI77:AK77) -> 31 | AI77: 1 | AJ77: 0 | AK77: 30 | AL77: =SUM(AM77:AO77) -> 15 | AM77: 2 | AN77: 0 | AO77: 13 | AP77: =SUM(AQ77:AR77) -> 13 | AQ77: =IFERROR(VLOOKUP(A77,[1]SIIMPLES!$A$2:$F$418,6,FALSE),0) -> 13 | AR77: 0 | AS77: 10 | AT77: 0 | AU77: 0 | AV77: 10 | AY77: =IFERROR(AVERAGE(I77,N77,R77,V77,Z77,AD77,AH77,AL77,AP77,AS77,AW77,AX77),"-") -> 14.8 | BA77: 8.5 | BB77: =IFERROR(AY77/BA77-1,"") -> 0.74117647 | BG77: =IFERROR(BC77/AY77,"0") -> 0 | BH77: =IFERROR(IF(F77=1,IF(BC77<AY77*3,AY77*3-BC77,0),IF(BC77<AY77,AY77-BC77,0)),"") -> 44.4
A78: 112052 | B78: Sim | C78: AUTOMOTIVO | D78: Bandeja | E78: SPARE | F78: =IFERROR(VLOOKUP(E78,Fornecedores!$A$2:$B$2700,2,FALSE),"") -> 2 | G78: Bandeja Direita Sem Pivô Palio Weekend 2005 A 2019 | I78: =SUM(J78:M78) -> 0 | J78: 0 | K78: 0 | L78: 0 | M78: 0 | N78: =SUM(O78:Q78) -> 1 | O78: 0 | P78: 1 | Q78: 0 | R78: =SUM(S78:U78) -> 3 | S78: 0 | T78: 0 | U78: 3 | V78: 3 | W78: 1 | X78: 0 | Y78: 2 | Z78: 0 | AA78: 0 | AB78: 0 | AC78: 0 | AD78: =SUM(AE78:AG78) -> 1 | AE78: 0 | AF78: 0 | AG78: 1 | AH78: =SUM(AI78:AK78) -> 3 | AI78: 1 | AJ78: 2 | AK78: 0 | AL78: =SUM(AM78:AO78) -> 6 | AN78: 0 | AO78: 6 | AP78: =SUM(AQ78:AR78) -> 13 | AQ78: =IFERROR(VLOOKUP(A78,[1]SIIMPLES!$A$2:$F$418,6,FALSE),0) -> 13 | AR78: 0 | AS78: 4 | AT78: 0 | AU78: 0 | AV78: 4 | AY78: =IFERROR(AVERAGE(I78,N78,R78,V78,Z78,AD78,AH78,AL78,AP78,AS78,AW78,AX78),"-") -> 3.4 | BA78: 1.6666667 | BB78: =IFERROR(AY78/BA78-1,"") -> 1.04 | BG78: =IFERROR(BC78/AY78,"0") -> 0 | BH78: =IFERROR(IF(F78=1,IF(BC78<AY78*3,AY78*3-BC78,0),IF(BC78<AY78,AY78-BC78,0)),"") -> 3.4
A79: 12152 | B79: Sim | C79: AUTOMOTIVO | D79: Pino de Porta | E79: MultiKit | F79: =IFERROR(VLOOKUP(E79,Fornecedores!$A$2:$B$2700,2,FALSE),"") -> 4 | G79: Pino Buchas Da Dobradiça Porta Belina 1989 | I79: =SUM(J79:M79) -> 34 | J79: 0 | K79: 34 | L79: 0 | M79: 0 | N79: =SUM(O79:Q79) -> 20 | O79: 2 | P79: 18 | Q79: 0 | R79: =SUM(S79:U79) -> 18 | S79: 10 | T79: 8 | U79: 0 | V79: 27 | W79: 5 | X79: 22 | Y79: 0 | Z79: 36 | AA79: 0 | AB79: 36 | AC79: 0 | AD79: =SUM(AE79:AG79) -> 26 | AE79: 0 | AF79: 26 | AG79: 0 | AH79: =SUM(AI79:AK79) -> 36 | AI79: 6 | AJ79: 30 | AK79: 0 | AL79: =SUM(AM79:AO79) -> 4 | AN79: 4 | AO79: 0 | AP79: =SUM(AQ79:AR79) -> 12 | AQ79: =IFERROR(VLOOKUP(A79,[1]SIIMPLES!$A$2:$F$418,6,FALSE),0) -> 0 | AR79: 12 | AS79: 51 | AT79: 23 | AU79: 28 | AV79: 0 | AY79: =IFERROR(AVERAGE(I79,N79,R79,V79,Z79,AD79,AH79,AL79,AP79,AS79,AW79,AX79),"-") -> 26.4 | BA79: 58.333333 | BB79: =IFERROR(AY79/BA79-1,"") -> -0.54742857 | BG79: =IFERROR(BC79/AY79,"0") -> 0 | BH79: =IFERROR(IF(F79=1,IF(BC79<AY79*3,AY79*3-BC79,0),IF(BC79<AY79,AY79-BC79,0)),"") -> 26.4
A80: 55142 | B80: Sim | C80: AUTOMOTIVO | D80: Cabo Freio | E80: MundiFlex | F80: =IFERROR(VLOOKUP(E80,Fornecedores!$A$2:$B$2700,2,FALSE),"") -> 6 | G80: Cabo De Freio Gol G2 Todos Traseiro 1994 A 2002 | I80: =SUM(J80:M80) -> 47 | J80: 47 | K80: 0 | L80: 0 | M80: 0 | N80: =SUM(O80:Q80) -> 23 | O80: 23 | P80: 0 | Q80: 0 | R80: =SUM(S80:U80) -> 19 | S80: 19 | T80: 0 | U80: 0 | V80: 43 | W80: 43 | X80: 0 | Y80: 0 | Z80: 24 | AA80: 24 | AB80: 0 | AC80: 0 | AD80: =SUM(AE80:AG80) -> 51 | AE80: 51 | AF80: 0 | AG80: 0 | AH80: =SUM(AI80:AK80) -> 59 | AI80: 59 | AJ80: 0 | AK80: 0 | AL80: =SUM(AM80:AO80) -> 31 | AM80: 31 | AN80: 0 | AO80: 0 | AP80: =SUM(AQ80:AR80) -> 12 | AQ80: =IFERROR(VLOOKUP(A80,[1]SIIMPLES!$A$2:$F$418,6,FALSE),0) -> 12 | AR80: 0 | AS80: 2 | AT80: 2 | AU80: 0 | AV80: 0 | AY80: =IFERROR(AVERAGE(I80,N80,R80,V80,Z80,AD80,AH80,AL80,AP80,AS80,AW80,AX80),"-") -> 31.1 | BA80: 55.5 | BB80: =IFERROR(AY80/BA80-1,"") -> -0.43963964 | BF80: =SUM(BC80:BE80) -> 0 | BG80: =IFERROR(BC80/AY80,"0") -> 0 | BH80: =IFERROR(IF(F80=1,IF(BC80<AY80*3,AY80*3-BC80,0),IF(BC80<AY80,AY80-BC80,0)),"") -> 31.1
A81: 70526 | C81: AUTOMOTIVO | D81: Reparo alavanta Câmbio | E81: BRK | F81: =IFERROR(VLOOKUP(E81,Fornecedores!$A$2:$B$2700,2,FALSE),"") -> 8 | G81: Kit Alavanca Cambio Parati Cht Ap 1982 À 2005 | I81: =SUM(J81:M81) -> 18 | J81: 1 | K81: 17 | L81: 0 | M81: 0 | N81: =SUM(O81:Q81) -> 12 | O81: 2 | P81: 10 | Q81: 0 | R81: =SUM(S81:U81) -> 8 | S81: 3 | T81: 5 | U81: 0 | V81: 16 | W81: 2 | X81: 14 | Y81: 0 | Z81: 15 | AA81: 5 | AB81: 10 | AC81: 0 | AD81: =SUM(AE81:AG81) -> 28 | AE81: 5 | AF81: 23 | AG81: 0 | AH81: =SUM(AI81:AK81) -> 27 | AI81: 2 | AJ81: 25 | AK81: 0 | AL81: =SUM(AM81:AO81) -> 22 | AM81: 2 | AN81: 20 | AO81: 0 | AP81: =SUM(AQ81:AR81) -> 12 | AQ81: =IFERROR(VLOOKUP(A81,[1]SIIMPLES!$A$2:$F$418,6,FALSE),0) -> 0 | AR81: 12 | AS81: 34 | AT81: 3 | AU81: 31 | AV81: 0 | AY81: =IFERROR(AVERAGE(I81,N81,R81,V81,Z81,AD81,AH81,AL81,AP81,AS81,AW81,AX81),"-") -> 19.2 | BA81: 18.333333 | BB81: =IFERROR(AY81/BA81-1,"") -> 0.047272727 | BF81: =SUM(BC81:BE81) -> 0 | BG81: =IFERROR(BC81/AY81,"0") -> 0 | BH81: =IFERROR(IF(F81=1,IF(BC81<AY81*3,AY81*3-BC81,0),IF(BC81<AY81,AY81-BC81,0)),"") -> 19.2
A82: 662053 | B82: Sim | C82: AUTOMOTIVO | D82: Bandeja | E82: SPARE | F82: =IFERROR(VLOOKUP(E82,Fornecedores!$A$2:$B$2700,2,FALSE),"") -> 2 | G82: Bandeja Com Pivô Esquerda Logan 2004 Em Diante | I82: =SUM(J82:M82) -> 20 | J82: 14 | K82: 6 | L82: 0 | M82: 0 | N82: =SUM(O82:Q82) -> 22 | O82: 11 | P82: 11 | Q82: 0 | R82: =SUM(S82:U82) -> 34 | S82: 11 | T82: 21 | U82: 2 | V82: 25 | W82: 13 | X82: 12 | Y82: 0 | Z82: 12 | AA82: 8 | AB82: 4 | AC82: 0 | AD82: =SUM(AE82:AG82) -> 12 | AE82: 3 | AF82: 9 | AG82: 0 | AH82: =SUM(AI82:AK82) -> 11 | AI82: 3 | AJ82: 8 | AK82: 0 | AL82: =SUM(AM82:AO82) -> 7 | AM82: 2 | AN82: 5 | AO82: 0 | AP82: =SUM(AQ82:AR82) -> 12 | AQ82: =IFERROR(VLOOKUP(A82,[1]SIIMPLES!$A$2:$F$418,6,FALSE),0) -> 9 | AR82: 3 | AS82: 13 | AT82: 2 | AU82: 6 | AV82: 5 | AY82: =IFERROR(AVERAGE(I82,N82,R82,V82,Z82,AD82,AH82,AL82,AP82,AS82,AW82,AX82),"-") -> 16.8 | BA82: 33.833333 | BB82: =IFERROR(AY82/BA82-1,"") -> -0.50344828 | BG82: =IFERROR(BC82/AY82,"0") -> 0 | BH82: =ROUND(IFERROR(IF(F82=1,IF(BC82<AY82*3,AY82*3-BC82,0),IF(BC82<AY82,AY82*0.6-BC82,0)),""),0) -> 10
A83: 552030 | B83: Sim | C83: AUTOMOTIVO | D83: Bandeja | E83: SPARE | F83: =IFERROR(VLOOKUP(E83,Fornecedores!$A$2:$B$2700,2,FALSE),"") -> 2 | G83: Bandeja Inferior Esquerdo Xsara Picasso 2001 A 2011 | I83: =SUM(J83:M83) -> 16 | J83: 5 | K83: 11 | L83: 0 | M83: 0 | N83: =SUM(O83:Q83) -> 5 | O83: 2 | P83: 3 | Q83: 0 | R83: =SUM(S83:U83) -> 6 | S83: 3 | T83: 3 | U83: 0 | V83: 11 | W83: 6 | X83: 5 | Y83: 0 | Z83: 11 | AA83: 6 | AB83: 5 | AC83: 0 | AD83: =SUM(AE83:AG83) -> 5 | AE83: 1 | AF83: 3 | AG83: 1 | AH83: =SUM(AI83:AK83) -> 7 | AI83: 1 | AJ83: 6 | AK83: 0 | AL83: =SUM(AM83:AO83) -> 5 | AN83: 5 | AO83: 0 | AP83: =SUM(AQ83:AR83) -> 12 | AQ83: =IFERROR(VLOOKUP(A83,[1]SIIMPLES!$A$2:$F$418,6,FALSE),0) -> 1 | AR83: 11 | AS83: 0 | AT83: 0 | AU83: 0 | AV83: 0 | AY83: =IFERROR(AVERAGE(I83,N83,R83,V83,Z83,AD83,AH83,AL83,AP83,AS83,AW83,AX83),"-") -> 7.8 | BA83: 20.5 | BB83: =IFERROR(AY83/BA83-1,"") -> -0.6195122 | BF83: =SUM(BC83:BE83) -> 0 | BG83: =IFERROR(BC83/AY83,"0") -> 0 | BH83: =IFERROR(IF(F83=1,IF(BC83<AY83*3,AY83*3-BC83,0),IF(BC83<AY83,AY83-BC83,0)),"") -> 7.8
A84: 112053 | B84: Sim | C84: AUTOMOTIVO | D84: Bandeja | E84: SPARE | F84: =IFERROR(VLOOKUP(E84,Fornecedores!$A$2:$B$2700,2,FALSE),"") -> 2 | G84: Bandeja Esquerda Sem Pivô Idea Elx 2005 A 2016 Motor 1.4 | I84: =SUM(J84:M84) -> 0 | J84: 0 | K84: 0 | L84: 0 | M84: 0 | N84: =SUM(O84:Q84) -> 1 | O84: 0 | P84: 1 | Q84: 0 | R84: =SUM(S84:U84) -> 3 | S84: 0 | T84: 0 | U84: 3 | V84: 3 | W84: 1 | X84: 0 | Y84: 2 | Z84: 1 | AA84: 1 | AB84: 0 | AC84: 0 | AD84: =SUM(AE84:AG84) -> 1 | AE84: 0 | AF84: 0 | AG84: 1 | AH84: =SUM(AI84:AK84) -> 2 | AI84: 0 | AJ84: 2 | AK84: 0 | AL84: =SUM(AM84:AO84) -> 6 | AN84: 0 | AO84: 6 | AP84: =SUM(AQ84:AR84) -> 12 | AQ84: =IFERROR(VLOOKUP(A84,[1]SIIMPLES!$A$2:$F$418,6,FALSE),0) -> 12 | AR84: 0 | AS84: 4 | AT84: 0 | AU84: 0 | AV84: 4 | AY84: =IFERROR(AVERAGE(I84,N84,R84,V84,Z84,AD84,AH84,AL84,AP84,AS84,AW84,AX84),"-") -> 3.3 | BA84: 1.6666667 | BB84: =IFERROR(AY84/BA84-1,"") -> 0.98 | BG84: =IFERROR(BC84/AY84,"0") -> 0 | BH84: =IFERROR(IF(F84=1,IF(BC84<AY84*3,AY84*3-BC84,0),IF(BC84<AY84,AY84-BC84,0)),"") -> 3.3
A85: 442025 | B85: Não | C85: AUTOMOTIVO | D85: Bandeja | E85: SPARE | F85: =IFERROR(VLOOKUP(E85,Fornecedores!$A$2:$B$2700,2,FALSE),"") -> 2 | G85: Bandeja Dianteira Ambos Lados Sem Pivô Variant 1970 A 1977 | I85: =SUM(J85:M85) -> 0 | J85: 0 | K85: 0 | L85: 0 | M85: 0 | N85: =SUM(O85:Q85) -> 0 | O85: 0 | P85: 0 | Q85: 0 | R85: =SUM(S85:U85) -> 0 | S85: 0 | T85: 0 | U85: 0 | V85: 0 | W85: 0 | X85: 0 | Y85: 0 | Z85: 0 | AA85: 0 | AB85: 0 | AC85: 0 | AD85: =SUM(AE85:AG85) -> 0 | AE85: 0 | AF85: 0 | AG85: 0 | AH85: =SUM(AI85:AK85) -> 0 | AI85: 0 | AJ85: 0 | AK85: 0 | AL85: =SUM(AM85:AO85) -> 0 | AN85: 0 | AO85: 0 | AP85: =SUM(AQ85:AR85) -> 12 | AQ85: =IFERROR(VLOOKUP(A85,[1]SIIMPLES!$A$2:$F$418,6,FALSE),0) -> 12 | AR85: 0 | AS85: 0 | AT85: 0 | AU85: 0 | AV85: 0 | AY85: =IFERROR(AVERAGE(I85,N85,R85,V85,Z85,AD85,AH85,AL85,AP85,AS85,AW85,AX85),"-") -> 1.2 | BA85: 0 | BB85: =IFERROR(AY85/BA85-1,"") | BG85: =IFERROR(BC85/AY85,"0") -> 0 | BH85: =ROUND(IFERROR(IF(F85=1,IF(BC85<AY85*3,AY85*3-BC85,0),IF(BC85<AY85,AY85*0.6-BC85,0)),""),0) -> 1
A86: FTK11038 | C86: AUTOMOTIVO | D86: Pivô | E86: SPARE | F86: =IFERROR(VLOOKUP(E86,Fornecedores!$A$2:$B$2700,2,FALSE),"") -> 2 | G86: PIVÔ INFERIOR AMBOS LADOS PALIO 1996 A 1999 | I86: =SUM(J86:M86) -> 18 | J86: 0 | K86: 18 | L86: 0 | M86: 0 | N86: =SUM(O86:Q86) -> 28 | O86: 0 | P86: 28 | Q86: 0 | R86: =SUM(S86:U86) -> 14 | S86: 0 | T86: 14 | U86: 0 | V86: 4 | W86: 0 | X86: 4 | Y86: 0 | Z86: 0 | AA86: 0 | AB86: 0 | AC86: 0 | AD86: =SUM(AE86:AG86) -> 8 | AE86: 0 | AF86: 8 | AG86: 0 | AH86: =SUM(AI86:AK86) -> 42 | AI86: 0 | AJ86: 42 | AK86: 0 | AL86: =SUM(AM86:AO86) -> 8 | AN86: 8 | AO86: 0 | AP86: =SUM(AQ86:AR86) -> 12 | AQ86: =IFERROR(VLOOKUP(A86,[1]SIIMPLES!$A$2:$F$418,6,FALSE),0) -> 0 | AR86: 12 | AS86: 36 | AT86: 12 | AU86: 24 | AV86: 0 | AY86: =IFERROR(AVERAGE(I86,N86,R86,V86,Z86,AD86,AH86,AL86,AP86,AS86,AW86,AX86),"-") -> 17 | BA86: 12 | BB86: =IFERROR(AY86/BA86-1,"") -> 0.41666667 | BG86: =IFERROR(BC86/AY86,"0") -> 0 | BH86: =IFERROR(IF(F86=1,IF(BC86<AY86*3,AY86*3-BC86,0),IF(BC86<AY86,AY86-BC86,0)),"") -> 17
A87: 4077 | C87: AUTOMOTIVO | D87: Capa Pedal | E87: HOLYMAN | F87: =IFERROR(VLOOKUP(E87,Fornecedores!$A$2:$B$2700,2,FALSE),"") -> 5 | G87: CAPA DE PEDAL FREIO EMBREAGEM DUSTER 2014 A 2022 | I87: =SUM(J87:M87) -> 2 | J87: 2 | K87: 0 | L87: 0 | M87: 0 | N87: =SUM(O87:Q87) -> 2 | O87: 2 | P87: 0 | Q87: 0 | R87: =SUM(S87:U87) -> 0 | S87: 0 | T87: 0 | U87: 0 | V87: 4 | W87: 4 | X87: 0 | Y87: 0 | Z87: 6 | AA87: 6 | AB87: 0 | AC87: 0 | AD87: =SUM(AE87:AG87) -> 8 | AE87: 8 | AF87: 0 | AG87: 0 | AH87: =SUM(AI87:AK87) -> 10 | AI87: 10 | AJ87: 0 | AK87: 0 | AL87: =SUM(AM87:AO87) -> 15 | AM87: 15 | AN87: 0 | AO87: 0 | AP87: =SUM(AQ87:AR87) -> 11 | AQ87: =IFERROR(VLOOKUP(A87,[1]SIIMPLES!$A$2:$F$418,6,FALSE),0) -> 11 | AR87: 0 | AS87: 0 | AT87: 0 | AU87: 0 | AV87: 0 | AY87: =IFERROR(AVERAGE(I87,N87,R87,V87,Z87,AD87,AH87,AL87,AP87,AS87,AW87,AX87),"-") -> 5.8 | BA87: 3 | BB87: =IFERROR(AY87/BA87-1,"") -> 0.93333333 | BG87: =IFERROR(BC87/AY87,"0") -> 0 | BH87: =IFERROR(IF(F87=1,IF(BC87<AY87*3,AY87*3-BC87,0),IF(BC87<AY87,AY87-BC87,0)),"") -> 5.8
A88: 332015 | B88: Sim | C88: AUTOMOTIVO | D88: Bandeja | E88: SPARE | F88: =IFERROR(VLOOKUP(E88,Fornecedores!$A$2:$B$2700,2,FALSE),"") -> 2 | G88: Braço Da Suspensão Esquerdo Celta Sem Pivô 2000 A 2015 | I88: =SUM(J88:M88) -> 4 | J88: 0 | K88: 4 | L88: 0 | M88: 0 | N88: =SUM(O88:Q88) -> 2 | O88: 0 | P88: 2 | Q88: 0 | R88: =SUM(S88:U88) -> 6 | S88: 0 | T88: 3 | U88: 3 | V88: 3 | W88: 0 | X88: 3 | Y88: 0 | Z88: 14 | AA88: 0 | AB88: 8 | AC88: 6 | AD88: =SUM(AE88:AG88) -> 7 | AE88: 0 | AF88: 4 | AG88: 3 | AH88: =SUM(AI88:AK88) -> 9 | AI88: 0 | AJ88: 3 | AK88: 6 | AL88: =SUM(AM88:AO88) -> 20 | AN88: 6 | AO88: 14 | AP88: =SUM(AQ88:AR88) -> 11 | AQ88: =IFERROR(VLOOKUP(A88,[1]SIIMPLES!$A$2:$F$418,6,FALSE),0) -> 9 | AR88: 2 | AS88: 3 | AT88: 1 | AU88: 2 | AV88: 0 | AY88: =IFERROR(AVERAGE(I88,N88,R88,V88,Z88,AD88,AH88,AL88,AP88,AS88,AW88,AX88),"-") -> 7.9 | BA88: 3.5 | BB88: =IFERROR(AY88/BA88-1,"") -> 1.2571429 | BG88: =IFERROR(BC88/AY88,"0") -> 0 | BH88: =IFERROR(IF(F88=1,IF(BC88<AY88*3,AY88*3-BC88,0),IF(BC88<AY88,AY88-BC88,0)),"") -> 7.9
A89: 227203 | B89: Sim | C89: AUTOMOTIVO | D89: Cabo Embreagem | E89: Importação | F89: =IFERROR(VLOOKUP(E89,Fornecedores!$A$2:$B$2700,2,FALSE),"") -> 1 | G89: Cabo De Embreagem Peugeot 206 Até 03 1.1 1.3 1.6 Reg Manual | I89: =SUM(J89:M89) -> 3 | J89: 3 | K89: 0 | L89: 0 | M89: 0 | N89: =SUM(O89:Q89) -> 5 | O89: 5 | P89: 0 | Q89: 0 | R89: =SUM(S89:U89) -> 0 | S89: 0 | T89: 0 | U89: 0 | V89: 4 | W89: 4 | X89: 0 | Y89: 0 | Z89: 3 | AA89: 3 | AB89: 0 | AC89: 0 | AD89: =SUM(AE89:AG89) -> 2 | AE89: 2 | AF89: 0 | AG89: 0 | AH89: =SUM(AI89:AK89) -> 0 | AI89: 0 | AJ89: 0 | AK89: 0 | AL89: =SUM(AM89:AO89) -> 6 | AM89: 6 | AN89: 0 | AO89: 0 | AP89: =SUM(AQ89:AR89) -> 11 | AQ89: =IFERROR(VLOOKUP(A89,[1]SIIMPLES!$A$2:$F$418,6,FALSE),0) -> 11 | AR89: 0 | AS89: 0 | AT89: 0 | AU89: 0 | AV89: 0 | AY89: =IFERROR(AVERAGE(I89,N89,R89,V89,Z89,AD89,AH89,AL89,AP89,AS89,AW89,AX89),"-") -> 3.4 | BA89: 4.6666667 | BB89: =IFERROR(AY89/BA89-1,"") -> -0.27142857 | BG89: =IFERROR(BC89/AY89,"0") -> 0 | BH89: =IFERROR(IF(F89=1,IF(BC89<AY89*3,AY89*3-BC89,0),IF(BC89<AY89,AY89-BC89,0)),"") -> 10.2
A90: FTK11042 | B90: Sim | C90: AUTOMOTIVO | D90: Pivô | E90: SPARE | F90: =IFERROR(VLOOKUP(E90,Fornecedores!$A$2:$B$2700,2,FALSE),"") -> 2 | G90: Pivô Bandeja Dianteira Direita Polo Gti 2006 A 2017 | I90: =SUM(J90:M90) -> 3 | J90: 0 | K90: 3 | L90: 0 | M90: 0 | N90: =SUM(O90:Q90) -> 1 | O90: 0 | P90: 1 | Q90: 0 | R90: =SUM(S90:U90) -> 2 | S90: 0 | T90: 2 | U90: 0 | V90: 7 | W90: 0 | X90: 7 | Y90: 0 | Z90: 1 | AA90: 0 | AB90: 1 | AC90: 0 | AD90: =SUM(AE90:AG90) -> 4 | AE90: 0 | AF90: 4 | AG90: 0 | AH90: =SUM(AI90:AK90) -> 5 | AI90: 0 | AJ90: 5 | AK90: 0 | AL90: =SUM(AM90:AO90) -> 17 | AM90: 1 | AN90: 16 | AO90: 0 | AP90: =SUM(AQ90:AR90) -> 11 | AQ90: =IFERROR(VLOOKUP(A90,[1]SIIMPLES!$A$2:$F$418,6,FALSE),0) -> 0 | AR90: 11 | AS90: 13 | AT90: 0 | AU90: 13 | AV90: 0 | AY90: =IFERROR(AVERAGE(I90,N90,R90,V90,Z90,AD90,AH90,AL90,AP90,AS90,AW90,AX90),"-") -> 6.4 | BA90: 7.6666667 | BB90: =IFERROR(AY90/BA90-1,"") -> -0.16521739 | BG90: =IFERROR(BC90/AY90,"0") -> 0 | BH90: =IFERROR(IF(F90=1,IF(BC90<AY90*3,AY90*3-BC90,0),IF(BC90<AY90,AY90-BC90,0)),"") -> 6.4
A91: FTK11043 | B91: Sim | C91: AUTOMOTIVO | D91: Pivô | E91: SPARE | F91: =IFERROR(VLOOKUP(E91,Fornecedores!$A$2:$B$2700,2,FALSE),"") -> 2 | G91: Pivô Bandeja Dianteira Esquerda Polo 2002 A 2017 | I91: =SUM(J91:M91) -> 3 | J91: 0 | K91: 3 | L91: 0 | M91: 0 | N91: =SUM(O91:Q91) -> 1 | O91: 0 | P91: 1 | Q91: 0 | R91: =SUM(S91:U91) -> 2 | S91: 0 | T91: 2 | U91: 0 | V91: 7 | W91: 0 | X91: 7 | Y91: 0 | Z91: 1 | AA91: 0 | AB91: 1 | AC91: 0 | AD91: =SUM(AE91:AG91) -> 4 | AE91: 0 | AF91: 4 | AG91: 0 | AH91: =SUM(AI91:AK91) -> 5 | AI91: 0 | AJ91: 5 | AK91: 0 | AL91: =SUM(AM91:AO91) -> 17 | AM91: 1 | AN91: 16 | AO91: 0 | AP91: =SUM(AQ91:AR91) -> 11 | AQ91: =IFERROR(VLOOKUP(A91,[1]SIIMPLES!$A$2:$F$418,6,FALSE),0) -> 0 | AR91: 11 | AS91: 13 | AT91: 0 | AU91: 13 | AV91: 0 | AY91: =IFERROR(AVERAGE(I91,N91,R91,V91,Z91,AD91,AH91,AL91,AP91,AS91,AW91,AX91),"-") -> 6.4 | BA91: 8 | BB91: =IFERROR(AY91/BA91-1,"") -> -0.2 | BG91: =IFERROR(BC91/AY91,"0") -> 0 | BH91: =ROUND(IFERROR(IF(F91=1,IF(BC91<AY91*3,AY91*3-BC91,0),IF(BC91<AY91,AY91*0.6-BC91,0)),""),0) -> 4
A92: 772007 | C92: AUTOMOTIVO | D92: Bandeja | E92: SPARE | F92: =IFERROR(VLOOKUP(E92,Fornecedores!$A$2:$B$2700,2,FALSE),"") -> 2 | G92: Bandeja Dianteira Esquerda Com Pivô Fit /City | I92: =SUM(J92:M92) -> 9 | J92: 1 | K92: 8 | L92: 0 | M92: 0 | N92: =SUM(O92:Q92) -> 4 | O92: 1 | P92: 3 | Q92: 0 | R92: =SUM(S92:U92) -> 12 | S92: 2 | T92: 10 | U92: 0 | V92: 7 | W92: 1 | X92: 6 | Y92: 0 | Z92: 5 | AA92: 0 | AB92: 5 | AC92: 0 | AD92: =SUM(AE92:AG92) -> 8 | AE92: 1 | AF92: 7 | AG92: 0 | AH92: =SUM(AI92:AK92) -> 5 | AI92: 0 | AJ92: 5 | AK92: 0 | AL92: =SUM(AM92:AO92) -> 7 | AM92: 3 | AN92: 4 | AO92: 0 | AP92: =SUM(AQ92:AR92) -> 10 | AQ92: =IFERROR(VLOOKUP(A92,[1]SIIMPLES!$A$2:$F$418,6,FALSE),0) -> 1 | AR92: 9 | AS92: 8 | AT92: 1 | AU92: 5 | AV92: 2 | AY92: =IFERROR(AVERAGE(I92,N92,R92,V92,Z92,AD92,AH92,AL92,AP92,AS92,AW92,AX92),"-") -> 7.5 | BA92: 18 | BB92: =IFERROR(AY92/BA92-1,"") -> -0.58333333 | BF92: =SUM(BC92:BE92) -> 0 | BG92: =IFERROR(BC92/AY92,"0") -> 0 | BH92: =IFERROR(IF(F92=1,IF(BC92<AY92*3,AY92*3-BC92,0),IF(BC92<AY92,AY92-BC92,0)),"") -> 7.5
A93: 772008 | C93: AUTOMOTIVO | D93: Bandeja | E93: SPARE | F93: =IFERROR(VLOOKUP(E93,Fornecedores!$A$2:$B$2700,2,FALSE),"") -> 2 | G93: Bandeja Dianteira Direita Com Pivô Honda Fit 2009 A 2013 | I93: =SUM(J93:M93) -> 14 | J93: 6 | K93: 8 | L93: 0 | M93: 0 | N93: =SUM(O93:Q93) -> 6 | O93: 3 | P93: 3 | Q93: 0 | R93: =SUM(S93:U93) -> 20 | S93: 10 | T93: 10 | U93: 0 | V93: 9 | W93: 3 | X93: 6 | Y93: 0 | Z93: 5 | AA93: 0 | AB93: 5 | AC93: 0 | AD93: =SUM(AE93:AG93) -> 8 | AE93: 1 | AF93: 7 | AG93: 0 | AH93: =SUM(AI93:AK93) -> 5 | AI93: 0 | AJ93: 5 | AK93: 0 | AL93: =SUM(AM93:AO93) -> 4 | AN93: 4 | AO93: 0 | AP93: =SUM(AQ93:AR93) -> 10 | AQ93: =IFERROR(VLOOKUP(A93,[1]SIIMPLES!$A$2:$F$418,6,FALSE),0) -> 1 | AR93: 9 | AS93: 7 | AT93: 0 | AU93: 5 | AV93: 2 | AY93: =IFERROR(AVERAGE(I93,N93,R93,V93,Z93,AD93,AH93,AL93,AP93,AS93,AW93,AX93),"-") -> 8.8 | BA93: 17 | BB93: =IFERROR(AY93/BA93-1,"") -> -0.48235294 | BG93: =IFERROR(BC93/AY93,"0") -> 0 | BH93: =IFERROR(IF(F93=1,IF(BC93<AY93*3,AY93*3-BC93,0),IF(BC93<AY93,AY93-BC93,0)),"") -> 8.8
A94: 112056 | B94: Sim | C94: AUTOMOTIVO | D94: Bandeja | E94: SPARE | F94: =IFERROR(VLOOKUP(E94,Fornecedores!$A$2:$B$2700,2,FALSE),"") -> 2 | G94: Bandeja Direita Sem Pivô Idea Hlx 2005 A 2016 Motor 1.8 | I94: =SUM(J94:M94) -> 1 | J94: 0 | K94: 1 | L94: 0 | M94: 0 | N94: =SUM(O94:Q94) -> 1 | O94: 0 | P94: 1 | Q94: 0 | R94: =SUM(S94:U94) -> 6 | S94: 0 | T94: 1 | U94: 5 | V94: 13 | W94: 0 | X94: 1 | Y94: 12 | Z94: 1 | AA94: 0 | AB94: 1 | AC94: 0 | AD94: =SUM(AE94:AG94) -> 8 | AE94: 1 | AF94: 1 | AG94: 6 | AH94: =SUM(AI94:AK94) -> 2 | AI94: 1 | AJ94: 1 | AK94: 0 | AL94: =SUM(AM94:AO94) -> 6 | AN94: 0 | AO94: 6 | AP94: =SUM(AQ94:AR94) -> 10 | AQ94: =IFERROR(VLOOKUP(A94,[1]SIIMPLES!$A$2:$F$418,6,FALSE),0) -> 10 | AR94: 0 | AS94: 34 | AT94: 18 | AU94: 0 | AV94: 16 | AY94: =IFERROR(AVERAGE(I94,N94,R94,V94,Z94,AD94,AH94,AL94,AP94,AS94,AW94,AX94),"-") -> 8.2 | BA94: 19.833333 | BB94: =IFERROR(AY94/BA94-1,"") -> -0.58655462 | BG94: =IFERROR(BC94/AY94,"0") -> 0 | BH94: =IFERROR(IF(F94=1,IF(BC94<AY94*3,AY94*3-BC94,0),IF(BC94<AY94,AY94-BC94,0)),"") -> 8.2
A95: 226103 | B95: Sim | C95: AUTOMOTIVO | D95: Cabo Acelerador | E95: Importação | F95: =IFERROR(VLOOKUP(E95,Fornecedores!$A$2:$B$2700,2,FALSE),"") -> 1 | G95: Cabo Acelerador Scenic 1996 Em Diante 1.6 2.0 | I95: =SUM(J95:M95) -> 11 | J95: 11 | K95: 0 | L95: 0 | M95: 0 | N95: =SUM(O95:Q95) -> 11 | O95: 11 | P95: 0 | Q95: 0 | R95: =SUM(S95:U95) -> 7 | S95: 7 | T95: 0 | U95: 0 | V95: 15 | W95: 15 | X95: 0 | Y95: 0 | Z95: 9 | AA95: 9 | AB95: 0 | AC95: 0 | AD95: =SUM(AE95:AG95) -> 16 | AE95: 16 | AF95: 0 | AG95: 0 | AH95: =SUM(AI95:AK95) -> 18 | AI95: 18 | AJ95: 0 | AK95: 0 | AL95: =SUM(AM95:AO95) -> 15 | AM95: 15 | AN95: 0 | AO95: 0 | AP95: =SUM(AQ95:AR95) -> 10 | AQ95: =IFERROR(VLOOKUP(A95,[1]SIIMPLES!$A$2:$F$418,6,FALSE),0) -> 10 | AR95: 0 | AS95: 0 | AT95: 0 | AU95: 0 | AV95: 0 | AY95: =IFERROR(AVERAGE(I95,N95,R95,V95,Z95,AD95,AH95,AL95,AP95,AS95,AW95,AX95),"-") -> 11.2 | BA95: 8.75 | BB95: =IFERROR(AY95/BA95-1,"") -> 0.28 | BF95: =SUM(BC95:BE95) -> 0 | BG95: =IFERROR(BC95/AY95,"0") -> 0 | BH95: =IFERROR(IF(F95=1,IF(BC95<AY95*3,AY95*3-BC95,0),IF(BC95<AY95,AY95-BC95,0)),"") -> 33.6
A96: FTK00606 | B96: Sim | C96: AUTOMOTIVO | D96: Pivô | E96: SPARE | F96: =IFERROR(VLOOKUP(E96,Fornecedores!$A$2:$B$2700,2,FALSE),"") -> 2 | G96: Pivô Bandeja Dianteira Ambos Os Lados Fluence 2011 Em Diante | I96: =SUM(J96:M96) -> 2 | J96: 0 | K96: 2 | L96: 0 | M96: 0 | N96: =SUM(O96:Q96) -> 0 | O96: 0 | P96: 0 | Q96: 0 | R96: =SUM(S96:U96) -> 2 | S96: 0 | T96: 2 | U96: 0 | V96: 8 | W96: 0 | X96: 8 | Y96: 0 | Z96: 6 | AA96: 0 | AB96: 6 | AC96: 0 | AD96: =SUM(AE96:AG96) -> 4 | AE96: 0 | AF96: 4 | AG96: 0 | AH96: =SUM(AI96:AK96) -> 9 | AI96: 0 | AJ96: 9 | AK96: 0 | AL96: =SUM(AM96:AO96) -> 0 | AN96: 0 | AO96: 0 | AP96: =SUM(AQ96:AR96) -> 10 | AQ96: =IFERROR(VLOOKUP(A96,[1]SIIMPLES!$A$2:$F$418,6,FALSE),0) -> 0 | AR96: 10 | AS96: 22 | AT96: 11 | AU96: 11 | AV96: 0 | AY96: =IFERROR(AVERAGE(I96,N96,R96,V96,Z96,AD96,AH96,AL96,AP96,AS96,AW96,AX96),"-") -> 6.3 | BA96: 4.3333333 | BB96: =IFERROR(AY96/BA96-1,"") -> 0.45384615 | BG96: =IFERROR(BC96/AY96,"0") -> 0 | BH96: =IFERROR(IF(F96=1,IF(BC96<AY96*3,AY96*3-BC96,0),IF(BC96<AY96,AY96-BC96,0)),"") -> 6.3
A97: CCA0035 | C97: MOTO PEÇAS | D97: Cabo Acelerador Moto | E97: POLO | F97: =IFERROR(VLOOKUP(E97,Fornecedores!$A$2:$B$2700,2,FALSE),"") -> 7 | G97: CCA0035 CABO ACELERADOR HONDA CG 150 TITAN MIX ESD 2009/... | I97: =SUM(J97:M97) -> 0 | J97: 0 | K97: 0 | L97: 0 | M97: 0 | N97: =SUM(O97:Q97) -> 0 | O97: 0 | P97: 0 | Q97: 0 | R97: =SUM(S97:U97) -> 1 | S97: 1 | T97: 0 | U97: 0 | V97: 17 | W97: 6 | X97: 0 | Y97: 11 | Z97: 2 | AA97: 0 | AB97: 0 | AC97: 2 | AD97: =SUM(AE97:AG97) -> 17 | AE97: 17 | AF97: 0 | AG97: 0 | AH97: =SUM(AI97:AK97) -> 7 | AI97: 7 | AJ97: 0 | AK97: 0 | AL97: =SUM(AM97:AO97) -> 16 | AM97: 16 | AN97: 0 | AO97: 0 | AP97: =SUM(AQ97:AR97) -> 10 | AQ97: =IFERROR(VLOOKUP(A97,[1]SIIMPLES!$A$2:$F$418,6,FALSE),0) -> 10 | AR97: 0 | AS97: 0 | AT97: 0 | AU97: 0 | AV97: 0 | AY97: =IFERROR(AVERAGE(I97,N97,R97,V97,Z97,AD97,AH97,AL97,AP97,AS97,AW97,AX97),"-") -> 7 | BA97: 0 | BB97: =IFERROR(AY97/BA97-1,"") | BF97: =SUM(BC97:BE97) -> 0 | BG97: =IFERROR(BC97/AY97,"0") -> 0 | BH97: =IFERROR(IF(F97=1,IF(BC97<AY97*3,AY97*3-BC97,0),IF(BC97<AY97,AY97-BC97,0)),"") -> 7
A98: FFBK5041 | C98: =VLOOKUP(A98,[2]CMV!$A$1:$B$2115,2,FALSE) -> MOTO PEÇAS | D98: =VLOOKUP(A98,[2]CMV!$A$1:$C$2115,3,FALSE) -> LONA DE FREIO MOTO | E98: =VLOOKUP(A98,[2]CMV!$A$1:$E$2115,5,FALSE) -> FABRECK | G98: =VLOOKUP(A98,[2]CMV!$A$1:$F$2115,6,FALSE) -> LONA DE FREIO DIANTEIRO CG TITAN BIZ BROSS 125 TWISTER WEB | AD98: =SUM(AE98:AG98) -> 5 | AG98: 5 | AH98: =SUM(AI98:AK98) -> 0 | AI98: 0 | AJ98: 0 | AK98: 0 | AL98: =SUM(AM98:AO98) -> 0 | AN98: 0 | AO98: 0 | AP98: =SUM(AQ98:AR98) -> 10 | AQ98: =IFERROR(VLOOKUP(A98,[1]SIIMPLES!$A$2:$F$418,6,FALSE),0) -> 10 | AR98: 0 | AS98: 5 | AT98: 5 | AU98: 0 | AV98: 0 | AY98: =IFERROR(AVERAGE(I98,N98,R98,V98,Z98,AD98,AH98,AL98,AP98,AS98,AW98,AX98),"-") -> 4 | BB98: =IFERROR(AY98/BA98-1,"") | BG98: =IFERROR(BC98/AY98,"0") -> 0 | BH98: =IFERROR(IF(F98=1,IF(BC98<AY98*3,AY98*3-BC98,0),IF(BC98<AY98,AY98-BC98,0)),"") -> 4
A99: 2375 | C99: AUTOMOTIVO | D99: Suporte Radiador | E99: LT CORREA | F99: =IFERROR(VLOOKUP(E99,Fornecedores!$A$2:$B$2700,2,FALSE),"") -> 3 | G99: Kit Suporte Coxim Superior Do Radiador Tracker 2021 a 2023 | I99: =SUM(J99:M99) -> 0 | N99: =SUM(O99:Q99) -> 0 | R99: =SUM(S99:U99) -> 1 | S99: 1 | T99: 0 | V99: 3 | W99: 3 | X99: 0 | Y99: 0 | Z99: 2 | AA99: 2 | AB99: 0 | AC99: 0 | AD99: =SUM(AE99:AG99) -> 17 | AE99: 17 | AF99: 0 | AG99: 0 | AH99: =SUM(AI99:AK99) -> 8 | AI99: 8 | AJ99: 0 | AK99: 0 | AL99: =SUM(AM99:AO99) -> 13 | AM99: 13 | AN99: 0 | AO99: 0 | AP99: =SUM(AQ99:AR99) -> 9 | AQ99: =IFERROR(VLOOKUP(A99,[1]SIIMPLES!$A$2:$F$418,6,FALSE),0) -> 9 | AR99: 0 | AS99: 0 | AT99: 0 | AU99: 0 | AV99: 0 | AY99: =IFERROR(AVERAGE(I99,N99,R99,V99,Z99,AD99,AH99,AL99,AP99,AS99,AW99,AX99),"-") -> 5.3 | BB99: =IFERROR(AY99/BA99-1,"") | BF99: =SUM(BC99:BE99) -> 0 | BG99: =IFERROR(BC99/AY99,"0") -> 0 | BH99: =ROUND(IFERROR(IF(F99=1,IF(BC99<AY99*3,AY99*3-BC99,0),IF(BC99<AY99,AY99*0.6-BC99,0)),""),0) -> 3
A100: 14099 | B100: Sim | C100: AUTOMOTIVO | D100: Pino de Porta | E100: MultiKit | F100: =IFERROR(VLOOKUP(E100,Fornecedores!$A$2:$B$2700,2,FALSE),"") -> 4 | G100: Pino Dobradiça Porta Uno Mille Ld Le 2011 | I100: =SUM(J100:M100) -> 13 | J100: 0 | K100: 13 | L100: 0 | M100: 0 | N100: =SUM(O100:Q100) -> 10 | O100: 0 | P100: 10 | Q100: 0 | R100: =SUM(S100:U100) -> 3 | S100: 0 | T100: 3 | U100: 0 | V100: 4 | W100: 2 | X100: 2 | Y100: 0 | Z100: 2 | AA100: 0 | AB100: 2 | AC100: 0 | AD100: =SUM(AE100:AG100) -> 10 | AE100: 0 | AF100: 10 | AG100: 0 | AH100: =SUM(AI100:AK100) -> 6 | AI100: 0 | AJ100: 6 | AK100: 0 | AL100: =SUM(AM100:AO100) -> 8 | AN100: 8 | AO100: 0 | AP100: =SUM(AQ100:AR100) -> 9 | AQ100: =IFERROR(VLOOKUP(A100,[1]SIIMPLES!$A$2:$F$418,6,FALSE),0) -> 0 | AR100: 9 | AS100: 11 | AT100: 7 | AU100: 4 | AV100: 0 | AY100: =IFERROR(AVERAGE(I100,N100,R100,V100,Z100,AD100,AH100,AL100,AP100,AS100,AW100,AX100),"-") -> 7.6 | BA100: 21.833333 | BB100: =IFERROR(AY100/BA100-1,"") -> -0.6519084 | BG100: =IFERROR(BC100/AY100,"0") -> 0 | BH100: =IFERROR(IF(F100=1,IF(BC100<AY100*3,AY100*3-BC100,0),IF(BC100<AY100,AY100-BC100,0)),"") -> 7.6
...

Sheet Curva ABC moto
F1: 18 | G1: 5 | H1: 38 | I1: =IFERROR(AVERAGE(F1:H1,),"-") -> 15.25 | J1: =SUBTOTAL(9,J3:J8495) -> 35.5
A2: CURVA ABC | B2: SKU | C2: Categoria | D2: FORNECEDOR | E2: Descrição / Aplicação | F2: Janeiro | G2: Fevereiro | H2: Março | I2: MÉDIA 2024 | J2: MÉDIA 2023
A3: A | B3: CCE0048 | C3: Cabo Embreagem moto | D3: POLO | E3: CCE0048 CABO EMBREAGEM HONDA HONDA CG 125 FAN ES/KS 09/108,63 | H3: 3 | I3: =IFERROR(AVERAGE(F3:H3,),"-") -> 1.5 | J3: =IFERROR(VLOOKUP(B3,'[5]2023'!$A$3:$AK$1248,37,FALSE),"")
A4: A | B4: YBR 125 Velocímetro | C4: Cabo velocímetro Moto | D4: Importação | E4: Cabo De Velocímetro Yamaha Ybr 125 2003 2004 2005 | F4: 14 | G4: 0 | H4: 0 | I4: =IFERROR(AVERAGE(F4:H4,),"-") -> 3.5 | J4: =IFERROR(VLOOKUP(B4,'[5]2023'!$A$3:$AK$1248,37,FALSE),"") -> 10.666667
A5: A | B5: FTK-CCA0036 | C5: Cabo Acelerador Moto | D5: POLO | E5: Cabo Acelerador Nxr 150 Bros Ks 2009 A 2012 | F5: 2 | G5: 0 | H5: 0 | I5: =IFERROR(AVERAGE(F5:H5,),"-") -> 0.5 | J5: =IFERROR(VLOOKUP(B5,'[5]2023'!$A$3:$AK$1248,37,FALSE),"") -> 7
A6: A | B6: CCA0041 | C6: Cabo Acelerador Moto | D6: POLO | E6: CCA0041 CABO ACELERADOR HONDA (B) TITAN FAN 160 16> | F6: 0 | G6: 0 | H6: 6 | I6: =IFERROR(AVERAGE(F6:H6,),"-") -> 1.5 | J6: =IFERROR(VLOOKUP(B6,'[5]2023'!$A$3:$AK$1248,37,FALSE),"") -> 0
A7: A | B7: CCE0054 | C7: Cabo Embreagem Moto | D7: POLO | E7: CCE0054 CABO EMBREAGEM YAMAHA YBR 125 FACTOR ED/EK 09> | F7: 0 | G7: 0 | H7: 5 | I7: =IFERROR(AVERAGE(F7:H7,),"-") -> 1.25 | J7: =IFERROR(VLOOKUP(B7,'[5]2023'!$A$3:$AK$1248,37,FALSE),"") -> 1.6666667
A8: B | B8: CCA0006 | C8: Cabo Acelerador Moto | D8: POLO | E8: CCA0006 CABO ACELERADOR YAMAHA YBR 125 2002/... YBR ED 2006/2008 | F8: 0 | G8: 0 | H8: 5 | I8: =IFERROR(AVERAGE(F8:H8,),"-") -> 1.25 | J8: =IFERROR(VLOOKUP(B8,'[5]2023'!$A$3:$AK$1248,37,FALSE),"") -> 0
A9: B | B9: CCA0040 | C9: Cabo Acelerador Moto | D9: POLO | E9: CCA0040 CABO ACELERADOR HONDA (A) TITAN FAN 160 16> | F9: 0 | G9: 0 | H9: 5 | I9: =IFERROR(AVERAGE(F9:H9,),"-") -> 1.25 | J9: =IFERROR(VLOOKUP(B9,'[5]2023'!$A$3:$AK$1248,37,FALSE),"") -> 0
A10: B | B10: CCV0029 | C10: Cabo velocímetro Moto | D10: POLO | E10: CCV0029 CABO VELOCIMETRO YAMAHA YBR 2002/... | F10: 0 | G10: 0 | H10: 5 | I10: =IFERROR(AVERAGE(F10:H10,),"-") -> 1.25 | J10: =IFERROR(VLOOKUP(B10,'[5]2023'!$A$3:$AK$1248,37,FALSE),"") -> 0
A11: B | B11: FTK-CCV0062 | C11: Cabo velocímetro Moto | D11: POLO | E11: CCV0062 CABO VELOCIMETRO HONDA NXR 150 BROS ESD 08/12 ES/KS 09/127,5 | F11: 0 | G11: 2 | H11: 0 | I11: =IFERROR(AVERAGE(F11:H11,),"-") -> 0.5 | J11: =IFERROR(VLOOKUP(B11,'[5]2023'!$A$3:$AK$1248,37,FALSE),"")
A12: B | B12: FTK-CCA0035 | C12: Cabo Acelerador Moto | D12: POLO | E12: CCA0035 CABO ACELERADOR HONDA CG 150 TITAN MIX ESD 2009/... | F12: 0 | G12: 0 | H12: 1 | I12: =IFERROR(AVERAGE(F12:H12,),"-") -> 0.25 | J12: =IFERROR(VLOOKUP(B12,'[5]2023'!$A$3:$AK$1248,37,FALSE),"")
A13: B | B13: FTK-CCA0043 | C13: Cabo Acelerador Moto | D13: POLO | E13: CCA0043 CABO ACELERADOR HONDA CG 125 FAN / CARGO KS / FAN 14> | F13: 0 | G13: 0 | H13: 1 | I13: =IFERROR(AVERAGE(F13:H13,),"-") -> 0.25 | J13: =IFERROR(VLOOKUP(B13,'[5]2023'!$A$3:$AK$1248,37,FALSE),"")
A14: B | B14: FTK-CCE0048 | C14: Cabo Embreagem moto | D14: POLO | E14: CCE0048 CABO EMBREAGEM HONDA HONDA CG 125 FAN ES/KS 09/108,63 | F14: 0 | G14: 1 | H14: 0 | I14: =IFERROR(AVERAGE(F14:H14,),"-") -> 0.25 | J14: =IFERROR(VLOOKUP(B14,'[5]2023'!$A$3:$AK$1248,37,FALSE),"")
A15: B | B15: 880409 | C15: Cabo velocímetro Moto | D15: Importação | E15: CABO DE VELOCÍMETRO CG 150 FAN ESI 2010 EM DIANTE | F15: 1 | G15: 1 | H15: 1 | I15: =IFERROR(AVERAGE(F15:H15,),"-") -> 0.75 | J15: =IFERROR(VLOOKUP(B15,'[5]2023'!$A$3:$AK$1248,37,FALSE),"") -> 0.5
A16: B | B16: CCE0043 | C16: Cabo Embreagem moto | D16: POLO | F16: 0 | G16: 0 | H16: 4 | I16: =IFERROR(AVERAGE(F16:H16,),"-") -> 1 | J16: =IFERROR(VLOOKUP(B16,'[5]2023'!$A$3:$AK$1248,37,FALSE),"") -> 0
A17: B | B17: FTK-CCV0061 | C17: Cabo velocímetro Moto | D17: POLO | E17: CABO DE VELOCÍMETRO BIZ 125 2008 a 2013 | F17: 1 | G17: 1 | H17: 2 | I17: =IFERROR(AVERAGE(F17:H17,),"-") -> 1 | J17: =IFERROR(VLOOKUP(B17,'[5]2023'!$A$3:$AK$1248,37,FALSE),"") -> 0
A18: C | B18: 330254 | C18: Cabo velocímetro Moto | D18: Importação | E18: CABO DE VELOCÍMETRO CG 125 FAN | F18: 0 | G18: 0 | H18: 0 | I18: =IFERROR(AVERAGE(F18:H18,),"-") -> 0 | J18: =IFERROR(VLOOKUP(B18,'[5]2023'!$A$3:$AK$1248,37,FALSE),"")
A19: C | B19: 330351 | C19: Cabo Acelerador Moto | D19: importação | E19: CABO DE ACELERADOR NXR 150 BROS ES | F19: 0 | G19: 0 | H19: 0 | I19: =IFERROR(AVERAGE(F19:H19,),"-") -> 0 | J19: =IFERROR(VLOOKUP(B19,'[5]2023'!$A$3:$AK$1248,37,FALSE),"")
A20: C | B20: CCA0031 | C20: Cabo Acelerador Moto | D20: POLO | E20: CCA0031 CABO ACELERADOR HONDA CG 150 TITAN 08> | F20: 0 | G20: 0 | H20: 0 | I20: =IFERROR(AVERAGE(F20:H20,),"-") -> 0 | J20: =IFERROR(VLOOKUP(B20,'[5]2023'!$A$3:$AK$1248,37,FALSE),"") -> 3.3333333
A21: C | B21: CCE0045 | C21: Cabo Embreagem Moto | D21: POLO | E21: CCE0045 CABO EMBREAGEM HONDA CG 150 TITAN ES/KS 08> | F21: 0 | G21: 0 | H21: 0 | I21: =IFERROR(AVERAGE(F21:H21,),"-") -> 0 | J21: =IFERROR(VLOOKUP(B21,'[5]2023'!$A$3:$AK$1248,37,FALSE),"") -> 3.3333333
A22: C | B22: CCE0053 | C22: Cabo Embreagem Moto | D22: POLO | E22: CCE0053 CABO EMBREAGEM HONDA POP 110 16> | F22: 0 | G22: 0 | H22: 0 | I22: =IFERROR(AVERAGE(F22:H22,),"-") -> 0 | J22: =IFERROR(VLOOKUP(B22,'[5]2023'!$A$3:$AK$1248,37,FALSE),"") -> 3
A23: C | B23: CCA0036 | C23: Cabo Acelerador Moto | D23: POLO | E23: CCA0036 CABO ACELERADOR HONDA CG NXR 150 BROS ES KS 09>12 | F23: 0 | G23: 0 | H23: 0 | I23: =IFERROR(AVERAGE(F23:H23,),"-") -> 0 | J23: =IFERROR(VLOOKUP(B23,'[5]2023'!$A$3:$AK$1248,37,FALSE),"") -> 1.6666667
A24: C | B24: CCE0051 | C24: Cabo Embreagem Moto | D24: POLO | E24: CCE0051 CABO EMBREAGEM HONDA BROS 160 16> | F24: 0 | G24: 0 | H24: 0 | I24: =IFERROR(AVERAGE(F24:H24,),"-") -> 0 | J24: =IFERROR(VLOOKUP(B24,'[5]2023'!$A$3:$AK$1248,37,FALSE),"") -> 1.6666667
A25: C | B25: CCE0056 | C25: Cabo Embreagem Moto | D25: POLO | E25: CCE0056 CABO EMBREAGEM HONDA CG 150 TITAN ES/KS 09> | F25: 0 | G25: 0 | H25: 0 | I25: =IFERROR(AVERAGE(F25:H25,),"-") -> 0 | J25: =IFERROR(VLOOKUP(B25,'[5]2023'!$A$3:$AK$1248,37,FALSE),"") -> 1.6666667
A26: C | B26: CCE0047 | C26: Cabo Embreagem Moto | D26: POLO | E26: CCE0047 CABO EMBREAGEM HONDA NXR 150 BROS ESD 08> | F26: 0 | G26: 0 | H26: 0 | I26: =IFERROR(AVERAGE(F26:H26,),"-") -> 0 | J26: =IFERROR(VLOOKUP(B26,'[5]2023'!$A$3:$AK$1248,37,FALSE),"") -> 1
A27: C | B27: FTK-CCA0038 | C27: Cabo Acelerador Moto | D27: POLO | E27: Cabo Acelerador CG 150 FAN ESI 2010 EM DIANTE | F27: 0 | G27: 0 | H27: 0 | I27: =IFERROR(AVERAGE(F27:H27,),"-") -> 0 | J27: =IFERROR(VLOOKUP(B27,'[5]2023'!$A$3:$AK$1248,37,FALSE),"") -> 0
A28: C | B28: FTK-CCA0041 | C28: Cabo Acelerador Moto | D28: POLO | E28: Cabo Acelerador FAN 160 2016 EM DIANTE | F28: 0 | G28: 0 | H28: 0 | I28: =IFERROR(AVERAGE(F28:H28,),"-") -> 0 | J28: =IFERROR(VLOOKUP(B28,'[5]2023'!$A$3:$AK$1248,37,FALSE),"") -> 0
A29: C | B29: CCA0002 | C29: Cabo Acelerador Moto | D29: POLO | E29: CCA0002 CABO ACELERADOR HONDA CG 125 TITAN ES-JOB-KS-EX DE .../ ATE 2008 CG 150 TITAN EX de ... até 2008 | F29: 0 | G29: 0 | H29: 0 | I29: =IFERROR(AVERAGE(F29:H29,),"-") -> 0 | J29: =IFERROR(VLOOKUP(B29,'[5]2023'!$A$3:$AK$1248,37,FALSE),"") -> 0
A30: C | B30: CCA0009 | C30: Cabo Acelerador Moto | D30: POLO | E30: CCA0009 CABO ACELERADOR HONDA CG 150 FAN-TITAN 14/... | F30: 0 | G30: 0 | H30: 0 | I30: =IFERROR(AVERAGE(F30:H30,),"-") -> 0 | J30: =IFERROR(VLOOKUP(B30,'[5]2023'!$A$3:$AK$1248,37,FALSE),"") -> 0
A31: C | B31: CCA0035 | C31: Cabo Acelerador Moto | D31: POLO | E31: CCA0035 CABO ACELERADOR HONDA CG 150 TITAN MIX ESD 2009/... | F31: 0 | G31: 0 | H31: 0 | I31: =IFERROR(AVERAGE(F31:H31,),"-") -> 0 | J31: =IFERROR(VLOOKUP(B31,'[5]2023'!$A$3:$AK$1248,37,FALSE),"") -> 0
A32: C | B32: CCE0015 | C32: Cabo Embreagem moto | D32: POLO | F32: 0 | G32: 0 | H32: 0 | I32: =IFERROR(AVERAGE(F32:H32,),"-") -> 0 | J32: =IFERROR(VLOOKUP(B32,'[5]2023'!$A$3:$AK$1248,37,FALSE),"") -> 0
A33: C | B33: CCE0012 | C33: Cabo Embreagem moto | D33: POLO | F33: 0 | G33: 0 | H33: 0 | I33: =IFERROR(AVERAGE(F33:H33,),"-") -> 0 | J33: =IFERROR(VLOOKUP(B33,'[5]2023'!$A$3:$AK$1248,37,FALSE),"") -> 0
A34: C | B34: CCE0010 | C34: Cabo Embreagem moto | D34: POLO | F34: 0 | G34: 0 | H34: 0 | I34: =IFERROR(AVERAGE(F34:H34,),"-") -> 0 | J34: =IFERROR(VLOOKUP(B34,'[5]2023'!$A$3:$AK$1248,37,FALSE),"") -> 0
A35: C | B35: CCV0027 | C35: Cabo velocímetro Moto | D35: POLO | E35: CCV0027 CABO VELOCIMETRO HONDA CG 150 TITAN KS/ES/JOB 08> | F35: 0 | G35: 0 | H35: 0 | I35: =IFERROR(AVERAGE(F35:H35,),"-") -> 0 | J35: =IFERROR(VLOOKUP(B35,'[5]2023'!$A$3:$AK$1248,37,FALSE),"") -> 0
